tensor_type,n_sites,dim,N,A,B,C,seed,Z_est,Z_std,Z_true,rel_error,time_seconds
diagexp,16,3,100000,20,5,1000,11,1.088600402285764e-08,6.0121454685912155e-09,1.0000677333820351,0.9999999891147332,1.729384183883667
diagexp,16,3,100000,20,5,1000,23,5.508577639502725e-09,7.363344328717275e-09,1.0000677333820351,0.9999999944917954,1.5353968143463135
diagexp,16,3,100000,20,5,1000,42,1.3574717214535099e-08,1.849632079338486e-24,1.0000677333820351,0.9999999864262022,1.546015977859497
diagexp,16,3,100000,20,5,1000,77,1.088600402285764e-08,6.012145468591216e-09,1.0000677333820351,0.9999999891147332,1.494049072265625
diagexp,16,3,100000,20,5,1000,101,1.088600402285764e-08,6.012145468591216e-09,1.0000677333820351,0.9999999891147332,1.6155109405517578
diagexp,16,3,100000,20,10,500,11,1.0873015608184364e-08,5.6957693630751714e-09,1.0000677333820351,0.9999999891277208,1.2806322574615479
diagexp,16,3,100000,20,10,500,23,9.516620644867972e-09,6.5342450101386456e-09,1.0000677333820351,0.999999990484024,1.2265689373016357
diagexp,16,3,100000,20,10,500,42,8.172059992849167e-09,6.974927467012182e-09,1.0000677333820351,0.9999999918284935,1.2310378551483154
diagexp,16,3,100000,20,10,500,77,1.088600402285764e-08,5.66830510709443e-09,1.0000677333820351,0.9999999891147332,1.2159979343414307
diagexp,16,3,100000,20,10,500,101,8.17181480127309e-09,6.975246479194415e-09,1.0000677333820351,0.9999999918287387,1.199815034866333
diagexp,16,3,100000,20,20,250,11,4.0758354078654e-09,6.380024770819624e-09,1.0000677333820351,0.9999999959244406,1.048724889755249
diagexp,16,3,100000,20,20,250,23,4.766756083267861e-09,6.631290398171505e-09,1.0000677333820351,0.9999999952335668,1.0441408157348633
diagexp,16,3,100000,20,20,250,42,6.789763936755816e-09,6.9612158649122305e-09,1.0000677333820351,0.999999993210696,1.0707452297210693
diagexp,16,3,100000,20,20,250,77,6.801473599222121e-09,6.949301906452563e-09,1.0000677333820351,0.999999993198987,1.0659329891204834
diagexp,16,3,100000,20,20,250,101,7.47408601139876e-09,6.919767969884294e-09,1.0000677333820351,0.9999999925264202,1.058945894241333
diagexp,16,3,100000,20,25,200,11,2.724282635348386e-09,5.537147375220236e-09,1.0000677333820351,0.9999999972759019,1.0314602851867676
diagexp,16,3,100000,20,25,200,23,5.975455731278129e-09,6.874928026094108e-09,1.0000677333820351,0.999999994024949,1.0332200527191162
diagexp,16,3,100000,20,25,200,42,5.4367135024279e-09,6.781717496356389e-09,1.0000677333820351,0.9999999945636547,1.1442952156066895
diagexp,16,3,100000,20,25,200,77,5.432144923196736e-09,6.78547796669402e-09,1.0000677333820351,0.999999994568223,1.0330002307891846
diagexp,16,3,100000,20,25,200,101,3.267278769984608e-09,5.911775366149326e-09,1.0000677333820351,0.9999999967329426,1.0429282188415527
diagexp,16,3,100000,20,50,100,11,5.448150554812559e-10,2.686723443984897e-09,1.0000677333820351,0.9999999994552218,0.9688999652862549
diagexp,16,3,100000,20,50,100,23,8.191945258948803e-10,3.255398027581382e-09,1.0000677333820351,0.999999999180861,1.0449938774108887
diagexp,16,3,100000,20,50,100,42,1.6312935308429945e-09,4.455180220209381e-09,1.0000677333820351,0.9999999983688169,1.0696089267730713
diagexp,16,3,100000,20,50,100,77,1.9039104090671705e-09,4.756702051768374e-09,1.0000677333820351,0.9999999980962185,0.9928140640258789
diagexp,16,3,100000,20,50,100,101,1.0931892938015219e-09,3.718058796118306e-09,1.0000677333820351,0.9999999989068847,0.969799280166626
diagexp,16,3,100000,20,100,50,11,4.07948549626935e-10,2.327215728361003e-09,1.0000677333820351,0.9999999995920791,1.0319929122924805
diagexp,16,3,100000,20,100,50,23,2.725983241000573e-10,1.9098788838647173e-09,1.0000677333820351,0.99999999972742,0.9582071304321289
diagexp,16,3,100000,20,100,50,42,6.801652025768429e-10,2.973145072799165e-09,1.0000677333820351,0.9999999993198808,0.9581899642944336
diagexp,16,3,100000,20,100,50,77,4.0796062988336766e-10,2.32721386860151e-09,1.0000677333820351,0.9999999995920671,1.0823800563812256
diagexp,16,3,100000,20,100,50,101,5.436199203752218e-10,2.673363260070936e-09,1.0000677333820351,0.999999999456417,0.945483922958374
diagexp,16,3,100000,20,200,25,11,1.048048392969326e-15,1.2544790311750476e-14,1.0000677333820351,0.9999999999999989,0.9153292179107666
diagexp,16,3,100000,20,200,25,23,7.335904317880233e-13,9.319001599543288e-12,1.0000677333820351,0.9999999999992664,0.9215896129608154
diagexp,16,3,100000,20,200,25,42,7.214491697001568e-14,9.674299916453488e-13,1.0000677333820351,0.9999999999999278,0.9985249042510986
diagexp,16,3,100000,20,200,25,77,5.4043524570118926e-14,7.173171905578684e-13,1.0000677333820351,0.999999999999946,0.9188287258148193
diagexp,16,3,100000,20,200,25,101,6.66590944115288e-13,9.274014570086767e-12,1.0000677333820351,0.9999999999993334,0.9156010150909424
diagexp,16,3,100000,50,5,400,11,0.36927589352925716,0.8185844071397104,1.0000677333820351,0.6307491170818623,1.6066570281982422
diagexp,16,3,100000,50,5,400,23,1.4668671122403019,0.8199987440308335,1.0000677333820351,0.46676776309904705,1.5478730201721191
diagexp,16,3,100000,50,5,400,42,0.7346982818777509,1.0031419768226082,1.0000677333820351,0.2653514783512275,1.5121018886566162
diagexp,16,3,100000,50,5,400,77,1.8335816988637805,0.0,1.0000677333820351,0.8334575125856354,1.5158700942993164
diagexp,16,3,100000,50,5,400,101,0.7355569892319498,1.0023579073115676,1.0000677333820351,0.26449282915624256,1.545417070388794
diagexp,16,3,100000,50,10,200,11,0.5503087399956198,0.8855427573350115,1.0000677333820351,0.4497285317519621,1.2313756942749023
diagexp,16,3,100000,50,10,200,23,0.18551351736557953,0.5790879190186332,1.0000677333820351,0.8144990472413216,1.2249863147735596
diagexp,16,3,100000,50,10,200,42,0.18642415786406388,0.5787661355365953,1.0000677333820351,0.8135884684194205,1.2308659553527832
diagexp,16,3,100000,50,10,200,77,1.100615759722427,0.946255827780932,1.0000677333820351,0.10054121634377505,1.2258222103118896
diagexp,16,3,100000,50,10,200,101,0.0028084396115313315,0.004331373752436025,1.0000677333820351,0.9971917506006981,1.2396869659423828
diagexp,16,3,100000,50,20,100,11,0.09285586159865454,0.40973280061074235,1.0000677333820351,0.907150427416917,1.0822069644927979
diagexp,16,3,100000,50,20,100,23,0.09289097048708038,0.4097272266795575,1.0000677333820351,0.9071153209063738,1.1757218837738037
diagexp,16,3,100000,50,20,100,42,0.27659957600572654,0.6710608094809905,1.0000677333820351,0.7234191577501252,1.081319808959961
diagexp,16,3,100000,50,20,100,77,0.0007340894704014726,0.0022673910752449276,1.0000677333820351,0.9992659602485935,1.0912830829620361
diagexp,16,3,100000,50,20,100,101,0.000817636287057809,0.00226324510779892,1.0000677333820351,0.9991824190904623,1.1015949249267578
diagexp,16,3,100000,50,25,80,11,0.0001269159087627641,0.00036995467498253496,1.0000677333820351,0.9998730926870987,1.056626796722412
diagexp,16,3,100000,50,25,80,23,0.14752357886501688,0.5074488627274991,1.0000677333820351,0.8524864127291452,1.056941032409668
diagexp,16,3,100000,50,25,80,42,0.1474935109830715,0.5074585598639111,1.0000677333820351,0.8525164785746291,1.1555531024932861
diagexp,16,3,100000,50,25,80,77,0.00044477846883640064,0.0021885959255365274,1.0000677333820351,0.9995552516554731,1.0708191394805908
diagexp,16,3,100000,50,25,80,101,0.07356916837960514,0.3666709955187903,1.0000677333820351,0.9264358143714841,1.0648598670959473
diagexp,16,3,100000,50,50,40,11,0.07356608830724945,0.36291240135849273,1.0000677333820351,0.9264388942352303,1.0954840183258057
diagexp,16,3,100000,50,50,40,23,0.07351679692670865,0.3629206564678371,1.0000677333820351,0.9264881822773252,1.0321452617645264
diagexp,16,3,100000,50,50,40,42,0.00031189057547265775,0.0014728122642157558,1.0000677333820351,0.9996881305485,1.0262188911437988
diagexp,16,3,100000,50,50,40,77,0.00020159735758666322,0.0013850234532290118,1.0000677333820351,0.9997984162963593,1.0205028057098389
diagexp,16,3,100000,50,50,40,101,0.03667223529399729,0.25930752386019895,1.0000677333820351,0.963330248472292,1.0140740871429443
diagexp,16,3,100000,50,100,20,11,2.3692552064101938e-06,1.5106490960098418e-05,1.0000677333820351,0.9999976309052603,0.9941718578338623
diagexp,16,3,100000,50,100,20,23,1.217801999910098e-07,1.1207274145655066e-06,1.0000677333820351,0.9999998782280481,0.9834802150726318
diagexp,16,3,100000,50,100,20,42,5.447047976130947e-07,5.234926163947444e-06,1.0000677333820351,0.9999994553320944,1.0477259159088135
diagexp,16,3,100000,50,100,20,77,9.815657938750224e-08,7.775789989525619e-07,1.0000677333820351,0.9999999018500687,0.9843189716339111
diagexp,16,3,100000,50,100,20,101,9.508752675323608e-08,8.781940070365244e-07,1.0000677333820351,0.9999999049189134,0.9837820529937744
diagexp,16,3,100000,50,200,10,11,2.691948968445766e-10,3.220875677094001e-09,1.0000677333820351,0.9999999997308233,0.9461040496826172
diagexp,16,3,100000,50,200,10,23,3.2473722594675234e-11,3.7526194610680456e-10,1.0000677333820351,0.9999999999675284,0.9473538398742676
diagexp,16,3,100000,50,200,10,42,5.501403450229856e-09,7.778107361377147e-08,1.0000677333820351,0.999999994498969,0.9482731819152832
diagexp,16,3,100000,50,200,10,77,1.1933106358750238e-10,1.6796209255986682e-09,1.0000677333820351,0.9999999998806771,0.9761419296264648
diagexp,16,3,100000,50,200,10,101,1.158893584329394e-13,9.261241725181408e-13,1.0000677333820351,0.9999999999998841,0.9552497863769531
diagexp,16,3,100000,100,5,200,11,20.59578893175187,46.053364443524444,1.0000677333820351,19.594394003795028,1.5646131038665771
diagexp,16,3,100000,100,5,200,23,44.41309297692793,96.76450378710021,1.0000677333820351,43.41008493167904,1.541851282119751
diagexp,16,3,100000,100,5,200,42,46.58473015285115,104.0972340821013,1.0000677333820351,45.58157502523417,1.5336918830871582
diagexp,16,3,100000,100,5,200,77,42.335218843551495,90.00362563743825,1.0000677333820351,41.332351530212854,1.5313119888305664
diagexp,16,3,100000,100,5,200,101,2.924090272144285,3.973858498634879,1.0000677333820351,1.9238922270350416,1.5587248802185059
diagexp,16,3,100000,100,10,100,11,0.8550341911511898,2.2790536052040293,1.0000677333820351,0.1450237192838629,1.2557120323181152
diagexp,16,3,100000,100,10,100,23,5.366653509210066,13.294571640890235,1.0000677333820351,4.3662900322372,1.3558578491210938
diagexp,16,3,100000,100,10,100,42,0.052196598190432965,0.12662361528209473,1.0000677333820351,0.9478069370222413,1.2503960132598877
diagexp,16,3,100000,100,10,100,77,1.340591072493583,2.547990769507567,1.0000677333820351,0.34050027587627885,1.2467010021209717
diagexp,16,3,100000,100,10,100,101,0.05329760092217948,0.1373621356392311,1.0000677333820351,0.9467060088600826,1.2722282409667969
diagexp,16,3,100000,100,20,50,11,0.027588501693138978,0.10638541499709926,1.0000677333820351,0.9724133668428238,1.1062500476837158
diagexp,16,3,100000,100,20,50,23,266.35549629479465,1190.9427058893364,1.0000677333820351,265.3374563581129,1.1006639003753662
diagexp,16,3,100000,100,20,50,42,0.001215012852697945,0.0030945666555205003,1.0000677333820351,0.9987850694386579,1.0924859046936035
diagexp,16,3,100000,100,20,50,77,0.5615295233364753,2.0500647987528486,1.0000677333820351,0.43850850838123595,1.1192967891693115
diagexp,16,3,100000,100,20,50,101,0.007130604742522588,0.02937291310630895,1.0000677333820351,0.9928698782047409,1.109705924987793
diagexp,16,3,100000,100,25,40,11,0.09713120189196181,0.42511189462904175,1.0000677333820351,0.902875376687254,1.0685558319091797
diagexp,16,3,100000,100,25,40,23,0.010720020434627215,0.035627970935811396,1.0000677333820351,0.9892807056194343,1.0622210502624512
diagexp,16,3,100000,100,25,40,42,0.0005109808599368511,0.0020600368919571443,1.0000677333820351,0.9994890537481809,1.077542781829834
diagexp,16,3,100000,100,25,40,77,0.005352182384702536,0.02633730464942894,1.0000677333820351,0.9946481801121585,1.0631968975067139
diagexp,16,3,100000,100,25,40,101,213.06140635599925,1065.2185174811605,1.0000677333820351,212.0469759637849,1.0674729347229004
diagexp,16,3,100000,100,50,20,11,0.0012649566436822878,0.008919326968228142,1.0000677333820351,0.9987351290303063,1.008573293685913
diagexp,16,3,100000,100,50,20,23,0.01368621360030366,0.08340941330613665,1.0000677333820351,0.9863147133504453,1.0007050037384033
diagexp,16,3,100000,100,50,20,42,4.656818026390401,32.92270281936049,1.0000677333820351,3.656502625719106,1.0029001235961914
diagexp,16,3,100000,100,50,20,77,2.677206521538917e-05,0.00011452918530247717,1.0000677333820351,0.9999732297480243,1.0139029026031494
diagexp,16,3,100000,100,50,20,101,0.02544280820859387,0.17810520928019358,1.0000677333820351,0.9745589150021357,1.0030488967895508
diagexp,16,3,100000,100,100,10,11,2.315683676474461e-07,1.874320938914077e-06,1.0000677333820351,0.9999997684473163,0.9719879627227783
diagexp,16,3,100000,100,100,10,23,2.6105540165703514e-06,2.348290770774974e-05,1.0000677333820351,0.9999973896227932,0.982105016708374
diagexp,16,3,100000,100,100,10,42,9.769139954288271e-07,8.871146439006593e-06,1.0000677333820351,0.9999990231521697,1.0566630363464355
diagexp,16,3,100000,100,100,10,77,0.08882085264490566,0.8882081181368087,1.0000677333820351,0.9111851630843735,0.9719099998474121
diagexp,16,3,100000,100,100,10,101,0.00028072737397233263,0.0028036496852834256,1.0000677333820351,0.9997192916393542,0.9819447994232178
diagexp,16,3,100000,100,200,5,11,2.1179853546396157e-08,2.9928495557485325e-07,1.0000677333820351,0.9999999788215809,0.9653310775756836
diagexp,16,3,100000,100,200,5,23,1.14980585347482e-11,1.5921637301032917e-10,1.0000677333820351,0.9999999999885026,0.9601240158081055
diagexp,16,3,100000,100,200,5,42,5.405099694058418e-11,7.528446358269821e-10,1.0000677333820351,0.9999999999459527,0.9586071968078613
diagexp,16,3,100000,100,200,5,77,1.798049521712461e-08,2.5188712585642333e-07,1.0000677333820351,0.9999999820207225,0.9575798511505127
diagexp,16,3,100000,100,200,5,101,1.485363662625991e-10,2.1001490187219913e-09,1.0000677333820351,0.9999999998514738,0.9585320949554443
diagexp,16,3,100000,200,5,100,11,0.015782884605670358,0.023335257109352043,1.0000677333820351,0.9842181843500782,1.5483441352844238
diagexp,16,3,100000,200,5,100,23,63.67194423545097,93.48586913060663,1.0000677333820351,62.66763181142222,1.5618581771850586
diagexp,16,3,100000,200,5,100,42,180.36116965383525,400.80218370060715,1.0000677333820351,179.34895400923372,1.547333002090454
diagexp,16,3,100000,200,5,100,77,179.56424880326452,401.2431936148771,1.0000677333820351,178.55208713315153,1.5590388774871826
diagexp,16,3,100000,200,5,100,101,55.90416570647316,112.25475433089649,1.0000677333820351,54.90037938472039,1.5552680492401123
diagexp,16,3,100000,200,10,50,11,0.09008530945170229,0.2835670357926818,1.0000677333820351,0.9099207919177122,1.2552921772003174
diagexp,16,3,100000,200,10,50,23,0.7123515942742633,1.5098628181569538,1.0000677333820351,0.28769665244050185,1.2783732414245605
diagexp,16,3,100000,200,10,50,42,0.006141908983716379,0.018641973699589563,1.0000677333820351,0.9938585070003753,1.2612569332122803
diagexp,16,3,100000,200,10,50,77,23.05413721601188,44.480223038572824,1.0000677333820351,22.0525757870892,1.2766239643096924
diagexp,16,3,100000,200,10,50,101,0.027319392034126554,0.04611896410085077,1.0000677333820351,0.9726824582753633,1.254871129989624
diagexp,16,3,100000,200,20,25,11,0.0019165859262222184,0.0061340903448690014,1.0000677333820351,0.9980835438818322,1.11142897605896
diagexp,16,3,100000,200,20,25,23,1.107497737522515,4.888614022272192,1.0000677333820351,0.10742272803580256,1.2375741004943848
diagexp,16,3,100000,200,20,25,42,0.00828943717797906,0.026802518819842438,1.0000677333820351,0.9917111242556084,1.1041011810302734
diagexp,16,3,100000,200,20,25,77,2.6253491732212386,8.677717044431972,1.0000677333820351,1.6251713614865033,1.105497121810913
diagexp,16,3,100000,200,20,25,101,0.018392937892546476,0.06971995602239477,1.0000677333820351,0.9816083078389649,1.1275758743286133
diagexp,16,3,100000,200,25,20,11,0.10177389026463438,0.4572945477708303,1.0000677333820351,0.8982330027582685,1.085029125213623
diagexp,16,3,100000,200,25,20,23,3.998655590991224,19.691505978260782,1.0000677333820351,2.998384766868286,1.073625087738037
diagexp,16,3,100000,200,25,20,42,0.00018423260515776268,0.0006384139641636071,1.0000677333820351,0.9998157798726945,1.0756309032440186
diagexp,16,3,100000,200,25,20,77,0.32242786619354824,1.6107705394139697,1.0000677333820351,0.6775939714571535,1.0953550338745117
diagexp,16,3,100000,200,25,20,101,0.0021814855579396324,0.008243312487910473,1.0000677333820351,0.9978186621914475,1.0730311870574951
diagexp,16,3,100000,200,50,10,11,0.0006224336437556813,0.004288015626585717,1.0000677333820351,0.9993776085129247,1.0170338153839111
diagexp,16,3,100000,200,50,10,23,0.0016831025340350106,0.009912442141290202,1.0000677333820351,0.9983170114604707,1.039067268371582
diagexp,16,3,100000,200,50,10,42,0.43755088608324116,3.0936815973926195,1.0000677333820351,0.5624787487108209,1.018693208694458
diagexp,16,3,100000,200,50,10,77,1.8353789625121683e-05,0.00011136605292984199,1.0000677333820351,0.9999816474534549,1.026540756225586
diagexp,16,3,100000,200,50,10,101,0.00563829670865078,0.0394788124266783,1.0000677333820351,0.9943620851663885,1.036543846130371
diagexp,16,3,100000,200,100,5,11,1.670033465698099e-05,0.00016680090690793733,1.0000677333820351,0.9999833007964366,0.9841752052307129
diagexp,16,3,100000,200,100,5,23,3.7050123771493765e-05,0.0003693975027028589,1.0000677333820351,0.9999629523855889,0.9974269866943359
diagexp,16,3,100000,200,100,5,42,1.5201390195253465e-07,9.90499386467392e-07,1.0000677333820351,0.9999998479963939,0.9995660781860352
diagexp,16,3,100000,200,100,5,77,0.04550573423262058,0.45505716010886266,1.0000677333820351,0.9544973478159033,0.9845499992370605
diagexp,16,3,100000,200,100,5,101,1.1820480175190837e-05,0.00011748766784762596,1.0000677333820351,0.9999881803204117,1.0046427249908447
diagexp,16,3,100000,500,5,40,11,5.527671535150911,9.153190967230179,1.0000677333820351,4.5272971526212515,1.5690891742706299
diagexp,16,3,100000,500,5,40,23,238.53173179319052,398.6885099331104,1.0000677333820351,237.51557632653788,1.576591968536377
diagexp,16,3,100000,500,5,40,42,207.69338819988326,462.33785170565284,1.0000677333820351,206.67932137706765,1.652076005935669
diagexp,16,3,100000,500,5,40,77,66.16465707049811,147.92946825580745,1.0000677333820351,65.1601758180339,1.567553997039795
diagexp,16,3,100000,500,5,40,101,671.9537002055962,1093.1638504169339,1.0000677333820351,670.9081895914981,1.60713791847229
diagexp,16,3,100000,500,10,20,11,1.011269828490284,3.1748611280021084,1.0000677333820351,0.01120133640385082,1.2933180332183838
diagexp,16,3,100000,500,10,20,23,0.08905773833825784,0.13028737093744744,1.0000677333820351,0.9109482934350038,1.2911620140075684
diagexp,16,3,100000,500,10,20,42,0.012050636885659055,0.035477816791042414,1.0000677333820351,0.9879501792894505,1.2940549850463867
diagexp,16,3,100000,500,10,20,77,11.74236328510398,28.539420747455843,1.0000677333820351,10.74156798899369,1.2971267700195312
diagexp,16,3,100000,500,10,20,101,0.06001529547081717,0.11554142896154763,1.0000677333820351,0.9399887692927987,1.2946460247039795
diagexp,16,3,100000,500,20,10,11,88.72109323009684,290.43905990246424,1.0000677333820351,87.71508425740255,1.1469807624816895
diagexp,16,3,100000,500,20,10,23,204.93962699872563,911.9514263266664,1.0000677333820351,203.9257466848366,1.1455509662628174
diagexp,16,3,100000,500,20,10,42,0.841229994490593,3.742493242325407,1.0000677333820351,0.15882698100286038,1.149043083190918
diagexp,16,3,100000,500,20,10,77,1.4225849726570574,3.4956469875489766,1.0000677333820351,0.422488622691736,1.1472389698028564
diagexp,16,3,100000,500,20,10,101,2.238605387215827,9.238024401096721,1.0000677333820351,1.2384537691715118,1.1588490009307861
diagexp,16,3,100000,500,25,8,11,0.12727571980488864,0.4200633583392895,1.0000677333820351,0.8727329004261873,1.126641035079956
diagexp,16,3,100000,500,25,8,23,0.08550099243906262,0.34737044150648033,1.0000677333820351,0.9145047984400868,1.1878669261932373
diagexp,16,3,100000,500,25,8,42,0.0008640039428152313,0.003055561048397149,1.0000677333820351,0.9991360545751302,1.1152477264404297
diagexp,16,3,100000,500,25,8,77,0.03945428784662211,0.17854134279000844,1.0000677333820351,0.960548384344733,1.1151599884033203
diagexp,16,3,100000,500,25,8,101,0.031120879016603917,0.15077294696757162,1.0000677333820351,0.9688812287630167,1.1119260787963867
diagexp,16,3,100000,500,50,4,11,0.0013272178095552589,0.006211162210587182,1.0000677333820351,0.9986728720813071,1.0540521144866943
diagexp,16,3,100000,500,50,4,23,0.5732590396635364,4.043075803887309,1.0000677333820351,0.42677978648017617,1.055325984954834
diagexp,16,3,100000,500,50,4,42,0.15638896201720445,1.1055582294220963,1.0000677333820351,0.8436216300186715,1.05419921875
diagexp,16,3,100000,500,50,4,77,1.935751786228322e-05,0.00012111328897859007,1.0000677333820351,0.9999806437931992,1.046133041381836
diagexp,16,3,100000,500,50,4,101,0.036787338110170466,0.26006790613572195,1.0000677333820351,0.9632151534518939,1.045867919921875
diagexp,16,3,100000,500,100,2,11,4.131145013402486e-06,4.024730113043017e-05,1.0000677333820351,0.9999958691347841,1.025454044342041
diagexp,16,3,100000,500,100,2,23,2.8707436259188606e-06,2.8309866436256274e-05,1.0000677333820351,0.9999971294508061,1.2588536739349365
diagexp,16,3,100000,500,100,2,42,8.31982493944079e-08,4.623846352907754e-07,1.0000677333820351,0.9999999168073855,1.0361957550048828
diagexp,16,3,100000,500,100,2,77,5.035775238836033e-07,4.869435050544601e-06,1.0000677333820351,0.9999994964565828,1.0201411247253418
diagexp,16,3,100000,500,100,2,101,3.4577304388464e-06,3.422178283663761e-05,1.0000677333820351,0.999996542503749,1.0156679153442383
diagexp,16,3,100000,500,200,1,11,6.089570139566823e-10,8.516450538549516e-09,1.0000677333820351,0.9999999993910841,1.0158021450042725
diagexp,16,3,100000,500,200,1,23,4.514736401338769e-07,4.717711620563121e-06,1.0000677333820351,0.9999995485569377,1.0129668712615967
diagexp,16,3,100000,500,200,1,42,0.6249510953291368,8.838143148212291,1.0000677333820351,0.375091231855193,1.0189762115478516
diagexp,16,3,100000,500,200,1,77,4.350273269894945e-09,5.9275247469752544e-08,1.0000677333820351,0.9999999956500214,1.0132999420166016
diagexp,16,3,100000,500,200,1,101,7.322802260904862e-11,1.0224078900927355e-09,1.0000677333820351,0.9999999999267769,1.019840955734253
spikes,16,3,100000,20,5,1000,11,8854076517576896.0,1.780038887155316e+16,1.6829668154011603e+17,0.9473900706980584,1.5042681694030762
spikes,16,3,100000,20,5,1000,23,1.0818402232191427e+17,1.8583738179652234e+17,1.6829668154011603e+17,0.35718267685434435,1.6368718147277832
spikes,16,3,100000,20,5,1000,42,9794259518727460.0,2.077113269078009e+16,1.6829668154011603e+17,0.941803608787183,1.4833550453186035
spikes,16,3,100000,20,5,1000,77,1.024348818522097e+16,1.2385310655386048e+16,1.6829668154011603e+17,0.9391343424511952,1.482558012008667
spikes,16,3,100000,20,5,1000,101,1.10221847999911e+17,2.125371417488453e+17,1.6829668154011603e+17,0.3450741453054855,1.4878358840942383
spikes,16,3,100000,20,10,500,11,1.1144556124761974e+16,1.803704226394524e+16,1.6829668154011603e+17,0.9337802978479673,1.2029781341552734
spikes,16,3,100000,20,10,500,23,9919572647484228.0,2.2468714580452268e+16,1.6829668154011603e+17,0.9410590122353676,1.2023789882659912
spikes,16,3,100000,20,10,500,42,8.865500056672912e+16,1.4845102681612656e+17,1.6829668154011603e+17,0.4732219331039105,1.211817979812622
spikes,16,3,100000,20,10,500,77,1.0679908601292202e+17,2.623677568218949e+17,1.6829668154011603e+17,0.3654118130222024,1.2101519107818604
spikes,16,3,100000,20,10,500,101,3.491093166442304e+16,8.855539211606005e+16,1.6829668154011603e+17,0.7925631608125232,1.202833890914917
spikes,16,3,100000,20,20,250,11,6.135927120192731e+16,1.626337351030367e+17,1.6829668154011603e+17,0.6354100945995099,1.0484349727630615
spikes,16,3,100000,20,20,250,23,3.1736226065757677e+17,6.411941651146668e+17,1.6829668154011603e+17,0.8857309469998594,1.0476889610290527
spikes,16,3,100000,20,20,250,42,1.5493359940979354e+17,5.1965961544527494e+17,1.6829668154011603e+17,0.0794019347739617,1.0465517044067383
spikes,16,3,100000,20,20,250,77,1.2434561537746675e+17,3.390417763170944e+17,1.6829668154011603e+17,0.26115230413603185,1.0451021194458008
spikes,16,3,100000,20,20,250,101,7.325476746376003e+16,1.8299546256425805e+17,1.6829668154011603e+17,0.5647283904032376,1.0448131561279297
spikes,16,3,100000,20,25,200,11,3.2949665616373068e+16,9.449400841919798e+16,1.6829668154011603e+17,0.8042167836296937,1.013197898864746
spikes,16,3,100000,20,25,200,23,4.8695949745029736e+16,1.3561290087265739e+17,1.6829668154011603e+17,0.7106541299602374,1.0157909393310547
spikes,16,3,100000,20,25,200,42,4.3951647284472296e+16,8.551456347103208e+16,1.6829668154011603e+17,0.7388442429032936,1.0355229377746582
spikes,16,3,100000,20,25,200,77,5.401969524953659e+16,1.0536875704840462e+17,1.6829668154011603e+17,0.6790210314594932,1.023407220840454
spikes,16,3,100000,20,25,200,101,7.896627446154373e+16,2.903945526270156e+17,1.6829668154011603e+17,0.5307912566135718,1.0257506370544434
spikes,16,3,100000,20,50,100,11,1.142532388092611e+17,3.730155667817533e+17,1.6829668154011603e+17,0.32112007341019894,0.9632241725921631
spikes,16,3,100000,20,50,100,23,1.524713620131103e+17,4.685224814623187e+17,1.6829668154011603e+17,0.09403227313922721,0.965421199798584
spikes,16,3,100000,20,50,100,42,7.010544524114443e+16,1.7414365483793398e+17,1.6829668154011603e+17,0.5834413097180782,0.960392951965332
spikes,16,3,100000,20,50,100,77,2.0286652710701818e+17,9.868181357108521e+17,1.6829668154011603e+17,0.20541014386348375,0.9599611759185791
spikes,16,3,100000,20,50,100,101,3.6680775734273176e+16,8.371131328472174e+16,1.6829668154011603e+17,0.7820469459136081,0.9600520133972168
spikes,16,3,100000,20,100,50,11,6.631312447096056e+16,3.12121767602342e+17,1.6829668154011603e+17,0.6059748542626264,0.9311211109161377
spikes,16,3,100000,20,100,50,23,1.2609002927077902e+17,5.3968860409145344e+17,1.6829668154011603e+17,0.2507871924930167,0.9291908740997314
spikes,16,3,100000,20,100,50,42,1.0697391590217669e+17,6.487229501177033e+17,1.6829668154011603e+17,0.3643729934349427,0.9291539192199707
spikes,16,3,100000,20,100,50,77,1.686033345399123e+17,7.193401369634934e+17,1.6829668154011603e+17,0.0018220977204661084,0.9295773506164551
spikes,16,3,100000,20,100,50,101,1.2158990647233434e+18,1.1637257148731093e+19,1.6829668154011603e+17,6.224735827209496,0.93631911277771
spikes,16,3,100000,20,200,25,11,1.0709944959736027e+17,8.449169157060172e+17,1.6829668154011603e+17,0.36362708630216506,0.9162769317626953
spikes,16,3,100000,20,200,25,23,2.406324225280168e+17,1.4390327711150072e+18,1.6829668154011603e+17,0.42981085738555375,0.9170901775360107
spikes,16,3,100000,20,200,25,42,1.8994142155178266e+17,2.0769202255445007e+18,1.6829668154011603e+17,0.12861061676077837,0.9125208854675293
spikes,16,3,100000,20,200,25,77,1.1442043621228158e+17,9.450544718088211e+17,1.6829668154011603e+17,0.3201266051998312,0.9126338958740234
spikes,16,3,100000,20,200,25,101,1.1370278543178524e+18,1.1686129224043379e+19,1.6829668154011603e+17,5.756091943778611,0.9124789237976074
spikes,16,3,100000,50,5,400,11,5.2814651643854616e+16,7.719598074349397e+16,1.6829668154011603e+17,0.6861812653669855,1.5925650596618652
spikes,16,3,100000,50,5,400,23,3.877396746492667e+16,3.1592075279049296e+16,1.6829668154011603e+17,0.769609435491547,1.522099256515503
spikes,16,3,100000,50,5,400,42,1.455021097631952e+17,1.6972322963927235e+17,1.6829668154011603e+17,0.13544278810683147,1.5268347263336182
spikes,16,3,100000,50,5,400,77,8.003369394333635e+16,8.511597749358035e+16,1.6829668154011603e+17,0.5244487698097653,1.521845817565918
spikes,16,3,100000,50,5,400,101,9.169525430671373e+16,7.737936425503613e+16,1.6829668154011603e+17,0.4551570864761419,1.54640793800354
spikes,16,3,100000,50,10,200,11,5.0954225571246536e+16,6.927221656692403e+16,1.6829668154011603e+17,0.6972357083636208,1.231062889099121
spikes,16,3,100000,50,10,200,23,7.546225914436643e+16,1.0975934265820731e+17,1.6829668154011603e+17,0.5516117225022118,1.2301640510559082
spikes,16,3,100000,50,10,200,42,2.3054171154189715e+17,4.431153404963496e+17,1.6829668154011603e+17,0.36985298481327505,1.2300069332122803
spikes,16,3,100000,50,10,200,77,6.700655198055635e+16,8.022431635311862e+16,1.6829668154011603e+17,0.6018545857983282,1.227104902267456
spikes,16,3,100000,50,10,200,101,4.943722217934801e+16,8.807276391981176e+16,1.6829668154011603e+17,0.7062495723211043,1.238236904144287
spikes,16,3,100000,50,20,100,11,2.4143698233475846e+17,6.47980158904168e+17,1.6829668154011603e+17,0.4345914614912258,1.0889041423797607
spikes,16,3,100000,50,20,100,23,1.1738412681960709e+17,2.98221681349068e+17,1.6829668154011603e+17,0.3025166881164747,1.0886988639831543
spikes,16,3,100000,50,20,100,42,4.378681222070805e+17,7.594656264467299e+17,1.6829668154011603e+17,1.601763256411613,1.0973289012908936
spikes,16,3,100000,50,20,100,77,5.586280078946123e+16,5.492812641512085e+16,1.6829668154011603e+17,0.6680695051248203,1.1582567691802979
spikes,16,3,100000,50,20,100,101,1.5004941643406016e+17,2.94439053847251e+17,1.6829668154011603e+17,0.10842320204457723,1.094285011291504
spikes,16,3,100000,50,25,80,11,1.1314651826603434e+17,1.8395729475772278e+17,1.6829668154011603e+17,0.3276960827117428,1.0654211044311523
spikes,16,3,100000,50,25,80,23,1.2573597485702022e+17,2.442867139788848e+17,1.6829668154011603e+17,0.2528909440971409,1.0594532489776611
spikes,16,3,100000,50,25,80,42,1.272888567166896e+17,1.5608019876817763e+17,1.6829668154011603e+17,0.24366389430947635,1.0572643280029297
spikes,16,3,100000,50,25,80,77,1.438562772505395e+17,2.497489010305695e+17,1.6829668154011603e+17,0.14522214024612715,1.058471918106079
spikes,16,3,100000,50,25,80,101,2.2061117333050704e+17,5.236620181768341e+17,1.6829668154011603e+17,0.31084684089817344,1.0603368282318115
spikes,16,3,100000,50,50,40,11,2.4764182972479824e+17,9.584461529093568e+17,1.6829668154011603e+17,0.4714599685423334,1.0263628959655762
spikes,16,3,100000,50,50,40,23,7.594058676951837e+16,1.543204882764624e+17,1.6829668154011603e+17,0.5487695534185754,1.2835731506347656
spikes,16,3,100000,50,50,40,42,2.0982266087000954e+17,4.080961491442309e+17,1.6829668154011603e+17,0.24674271025358968,1.4878709316253662
spikes,16,3,100000,50,50,40,77,6.818777374059234e+16,9.29894178020012e+16,1.6829668154011603e+17,0.5948358986250197,1.2587978839874268
spikes,16,3,100000,50,50,40,101,9.834548882265211e+16,2.1513991142925446e+17,1.6829668154011603e+17,0.41564213909226727,0.9953598976135254
spikes,16,3,100000,50,100,20,11,1.820952945739608e+17,5.996837469407016e+17,1.6829668154011603e+17,0.08198981053916778,0.9598779678344727
spikes,16,3,100000,50,100,20,23,1.2973305112344291e+17,4.3367212717410246e+17,1.6829668154011603e+17,0.22914076536607705,0.9613587856292725
spikes,16,3,100000,50,100,20,42,1.14500031425719e+17,3.213407235964828e+17,1.6829668154011603e+17,0.31965365937161266,0.9601240158081055
spikes,16,3,100000,50,100,20,77,1.6802132856850717e+17,6.074192897437414e+17,1.6829668154011603e+17,0.001636116464621018,0.9607059955596924
spikes,16,3,100000,50,100,20,101,8.65522068638552e+16,1.518377443898918e+17,1.6829668154011603e+17,0.4857164973676312,0.9608259201049805
spikes,16,3,100000,50,200,10,11,7.607600169470349e+16,3.0912952340016877e+17,1.6829668154011603e+17,0.5479649331257335,0.9454917907714844
spikes,16,3,100000,50,200,10,23,1.056851342660855e+17,5.0205307260655354e+17,1.6829668154011603e+17,0.37203078932430483,1.006619930267334
spikes,16,3,100000,50,200,10,42,3.234473248755551e+17,2.4360641104620083e+18,1.6829668154011603e+17,0.9218877158814125,0.946526050567627
spikes,16,3,100000,50,200,10,77,3.1531003080500704e+17,3.1589694378455137e+18,1.6829668154011603e+17,0.8735368274617357,0.9455559253692627
spikes,16,3,100000,50,200,10,101,1.0105441655353698e+17,5.870428078286472e+17,1.6829668154011603e+17,0.39954599443810696,0.9474937915802002
spikes,16,3,100000,100,5,200,11,4.396660364589407e+16,2.389883620977679e+16,1.6829668154011603e+17,0.7387553738817245,1.5346007347106934
spikes,16,3,100000,100,5,200,23,7.996843186618307e+16,5.523489765597565e+16,1.6829668154011603e+17,0.5248365497502612,1.5382299423217773
spikes,16,3,100000,100,5,200,42,1.5671308720839174e+17,2.3017755380673072e+17,1.6829668154011603e+17,0.06882841792078452,1.544123888015747
spikes,16,3,100000,100,5,200,77,9.612839909268974e+16,1.104574643285933e+17,1.6829668154011603e+17,0.4288158375257322,1.5360329151153564
spikes,16,3,100000,100,5,200,101,6.252383774055735e+16,6.731618858116401e+16,1.6829668154011603e+17,0.6284903708831963,1.5403170585632324
spikes,16,3,100000,100,10,100,11,1.7480642745735632e+17,1.1588280093198528e+17,1.6829668154011603e+17,0.038680179892249346,1.2583260536193848
spikes,16,3,100000,100,10,100,23,1.4052211925177795e+17,2.0455909741299338e+17,1.6829668154011603e+17,0.1650333330055447,1.4275410175323486
spikes,16,3,100000,100,10,100,42,1.002684112235585e+17,1.2248856563976338e+17,1.6829668154011603e+17,0.4042163499245348,1.651001214981079
spikes,16,3,100000,100,10,100,77,1.484406339829799e+17,1.3737451531437323e+17,1.6829668154011603e+17,0.11798240687474959,1.6486022472381592
spikes,16,3,100000,100,10,100,101,1.317076935804402e+17,1.4761469580684426e+17,1.6829668154011603e+17,0.21740766142768125,1.6658267974853516
spikes,16,3,100000,100,20,50,11,1.6911932550226368e+17,3.228771881883438e+17,1.6829668154011603e+17,0.004888058128178591,1.4421229362487793
spikes,16,3,100000,100,20,50,23,1.4796369133284285e+17,2.7223281857994672e+17,1.6829668154011603e+17,0.12081634659223218,1.4031329154968262
spikes,16,3,100000,100,20,50,42,1.5950135140813075e+17,2.9746886051993805e+17,1.6829668154011603e+17,0.05226086486969014,2.5464088916778564
spikes,16,3,100000,100,20,50,77,1.342156374506464e+17,1.8997260298614083e+17,1.6829668154011603e+17,0.20250574032468907,2.3083009719848633
spikes,16,3,100000,100,20,50,101,1.4007872639277571e+17,2.5328231445836374e+17,1.6829668154011603e+17,0.16766792362815633,1.4105250835418701
spikes,16,3,100000,100,25,40,11,1.713563986261138e+17,2.3954393507731472e+17,1.6829668154011603e+17,0.018180495646127347,1.3269281387329102
spikes,16,3,100000,100,25,40,23,1.5534464701682733e+17,1.224030420172774e+17,1.6829668154011603e+17,0.07695953600963541,1.5994811058044434
spikes,16,3,100000,100,25,40,42,1.5159277160904333e+17,2.5849189245490624e+17,1.6829668154011603e+17,0.0992527587484907,1.3341832160949707
spikes,16,3,100000,100,25,40,77,1.9296832068353805e+17,2.7809259586907405e+17,1.6829668154011603e+17,0.14659611180474263,1.4402499198913574
spikes,16,3,100000,100,25,40,101,1.0710204982482195e+17,9.427425064710755e+16,1.6829668154011603e+17,0.3636116360423151,1.424332618713379
spikes,16,3,100000,100,50,20,11,1.75599594001191e+17,3.945012449336634e+17,1.6829668154011603e+17,0.043393086507972634,1.2358112335205078
spikes,16,3,100000,100,50,20,23,1.1722936861680493e+17,2.6989743735766128e+17,1.6829668154011603e+17,0.30343624399473645,1.2211689949035645
spikes,16,3,100000,100,50,20,42,2.0959096400664154e+17,4.1900739433753754e+17,1.6829668154011603e+17,0.24536599348622565,1.2207541465759277
spikes,16,3,100000,100,50,20,77,9.650716629317552e+16,1.5836979959971722e+17,1.6829668154011603e+17,0.42656524531547824,1.2237019538879395
spikes,16,3,100000,100,50,20,101,1.638205978875303e+17,3.043737708505792e+17,1.6829668154011603e+17,0.026596386878363888,1.2465569972991943
spikes,16,3,100000,100,100,10,11,1.6186110706885635e+17,3.545048597796447e+17,1.6829668154011603e+17,0.0382394614817504,0.9823541641235352
spikes,16,3,100000,100,100,10,23,1.0512658391936502e+17,1.8814645242575402e+17,1.6829668154011603e+17,0.37534963281907296,0.9770591259002686
spikes,16,3,100000,100,100,10,42,1.9813339425119277e+17,7.460423313584922e+17,1.6829668154011603e+17,0.17728639945859365,0.975999116897583
spikes,16,3,100000,100,100,10,77,1.4106083718981968e+17,4.400745920949035e+17,1.6829668154011603e+17,0.1618323314580881,0.9757511615753174
spikes,16,3,100000,100,100,10,101,1.311208673383291e+17,2.7593012683944685e+17,1.6829668154011603e+17,0.22089451712050256,0.9764297008514404
spikes,16,3,100000,100,200,5,11,1.3843644147803251e+17,7.260010184588513e+17,1.6829668154011603e+17,0.17742619633867163,0.9604308605194092
spikes,16,3,100000,100,200,5,23,9.809973700055691e+16,3.493203155929702e+17,1.6829668154011603e+17,0.41710236884752017,0.9629981517791748
spikes,16,3,100000,100,200,5,42,2.322809836609539e+17,1.7145740268868163e+18,1.6829668154011603e+17,0.38018754461053494,0.9604418277740479
spikes,16,3,100000,100,200,5,77,1.6383165402094957e+17,1.1069363010920154e+18,1.6829668154011603e+17,0.026530692574007513,0.9595918655395508
spikes,16,3,100000,100,200,5,101,1.1696962973974938e+17,4.866206088333947e+17,1.6829668154011603e+17,0.30497958326131397,0.9619390964508057
spikes,16,3,100000,200,5,100,11,7.656181168033507e+16,5.20362213177326e+16,1.6829668154011603e+17,0.5450783046955955,1.5526368618011475
spikes,16,3,100000,200,5,100,23,1.9594883659107107e+17,1.716843917627821e+17,1.6829668154011603e+17,0.16430600293425118,1.5497958660125732
spikes,16,3,100000,200,5,100,42,1.8534293750404694e+17,1.2402128134838571e+17,1.6829668154011603e+17,0.10128694046690209,1.5487890243530273
spikes,16,3,100000,200,5,100,77,2.5674050245820877e+17,3.179521658987543e+17,1.6829668154011603e+17,0.5255232611167727,1.5532050132751465
spikes,16,3,100000,200,5,100,101,9.098515267148886e+16,6.820976465956659e+16,1.6829668154011603e+17,0.45937643072420775,1.5773169994354248
spikes,16,3,100000,200,10,50,11,1.2936421868859768e+17,8.772005573010482e+16,1.6829668154011603e+17,0.23133232631350617,1.260667324066162
spikes,16,3,100000,200,10,50,23,1.6957324594085366e+17,1.484460602560518e+17,1.6829668154011603e+17,0.007585202447579716,1.2577850818634033
spikes,16,3,100000,200,10,50,42,1.0114266018214278e+17,6.280361441897516e+16,1.6829668154011603e+17,0.3990216606972496,1.3172049522399902
spikes,16,3,100000,200,10,50,77,1.462207985464819e+17,9.101723926831618e+16,1.6829668154011603e+17,0.13117241998840024,1.2563080787658691
spikes,16,3,100000,200,10,50,101,1.9610190446838365e+17,1.2646608813390478e+17,1.6829668154011603e+17,0.16521551508809654,1.2560226917266846
spikes,16,3,100000,200,20,25,11,1.3029763223170334e+17,1.3866908047442752e+17,1.6829668154011603e+17,0.2257860877628478,1.1063549518585205
spikes,16,3,100000,200,20,25,23,2.8140488831621178e+17,5.288116767223739e+17,1.6829668154011603e+17,0.6720762747133235,1.1133270263671875
spikes,16,3,100000,200,20,25,42,1.3388456600247498e+17,1.1700560888116362e+17,1.6829668154011603e+17,0.2044729297258212,1.1045889854431152
spikes,16,3,100000,200,20,25,77,1.3686145493202573e+17,2.614572211673622e+17,1.6829668154011603e+17,0.18678458969256176,1.1049799919128418
spikes,16,3,100000,200,20,25,101,2.0264231889306874e+17,3.0856732120520384e+17,1.6829668154011603e+17,0.20407792381079068,1.1264092922210693
spikes,16,3,100000,200,25,20,11,2.0354226425950182e+17,3.2920510951645485e+17,1.6829668154011603e+17,0.2094252982105561,1.0741760730743408
spikes,16,3,100000,200,25,20,23,2.3976032169585542e+17,2.4057994877311024e+17,1.6829668154011603e+17,0.4246289320844687,1.0722501277923584
spikes,16,3,100000,200,25,20,42,1.972488138136263e+17,2.6452128028120506e+17,1.6829668154011603e+17,0.1720303217423161,1.0721890926361084
spikes,16,3,100000,200,25,20,77,2.2409801253262058e+17,3.2530360586211405e+17,1.6829668154011603e+17,0.33156524823814465,1.0743861198425293
spikes,16,3,100000,200,25,20,101,1.4777491388609498e+17,2.1313621376126464e+17,1.6829668154011603e+17,0.12193804100129797,1.072185754776001
spikes,16,3,100000,200,50,10,11,1.4789717075091946e+17,2.558370472092238e+17,1.6829668154011603e+17,0.12121160442687663,1.0146918296813965
spikes,16,3,100000,200,50,10,23,1.761269896241872e+17,3.9703414422595725e+17,1.6829668154011603e+17,0.0465268121297133,1.0155389308929443
spikes,16,3,100000,200,50,10,42,2.0366826826608563e+17,3.791844915441336e+17,1.6829668154011603e+17,0.21017399988090824,1.0149269104003906
spikes,16,3,100000,200,50,10,77,1.45903112388199e+17,4.076909641729648e+17,1.6829668154011603e+17,0.1330600754987506,1.0138351917266846
spikes,16,3,100000,200,50,10,101,1.520047489433462e+17,2.590527514615748e+17,1.6829668154011603e+17,0.0968048356490404,1.0169789791107178
spikes,16,3,100000,200,100,5,11,1.636494391600691e+17,3.490578074083809e+17,1.6829668154011603e+17,0.027613392834125516,0.9847288131713867
spikes,16,3,100000,200,100,5,23,1.0387169752793126e+17,1.7149342602765034e+17,1.6829668154011603e+17,0.3828060269674902,0.9855496883392334
spikes,16,3,100000,200,100,5,42,2.0720811525231952e+17,5.265684508950239e+17,1.6829668154011603e+17,0.2312073735270197,0.9846310615539551
spikes,16,3,100000,200,100,5,77,1.088220952770181e+17,2.897794338672276e+17,1.6829668154011603e+17,0.3533913189424432,0.9837369918823242
spikes,16,3,100000,200,100,5,101,1.7250185476557085e+17,4.630939364522194e+17,1.6829668154011603e+17,0.024986667514608422,0.9849770069122314
spikes,16,3,100000,500,5,40,11,1.1953748691774805e+17,6.595051601531771e+16,1.6829668154011603e+17,0.2897216640052733,1.5679612159729004
spikes,16,3,100000,500,5,40,23,2.249317594671581e+17,3.774810106322036e+16,1.6829668154011603e+17,0.33651927898258804,1.563819169998169
spikes,16,3,100000,500,5,40,42,2.121262058364042e+17,7.679510503843955e+16,1.6829668154011603e+17,0.26043011600226196,1.5697457790374756
spikes,16,3,100000,500,5,40,77,1.5490148785142922e+17,1.0352903889697005e+17,1.6829668154011603e+17,0.07959273805107007,1.5646777153015137
spikes,16,3,100000,500,5,40,101,1.4623444106483434e+17,8.272296152655469e+16,1.6829668154011603e+17,0.13109135767494517,1.639185905456543
spikes,16,3,100000,500,10,20,11,2.3004578894890144e+17,1.4601651383442026e+17,1.6829668154011603e+17,0.3669062684047432,1.2723288536071777
spikes,16,3,100000,500,10,20,23,1.635499552605203e+17,1.2133179510199606e+17,1.6829668154011603e+17,0.028204515003846294,1.270808219909668
spikes,16,3,100000,500,10,20,42,1.2672341650259725e+17,9.035567613989766e+16,1.6829668154011603e+17,0.2470236766231732,1.2733891010284424
spikes,16,3,100000,500,10,20,77,1.858459842824857e+17,9.793714976978107e+16,1.6829668154011603e+17,0.10427598798605263,1.2724790573120117
spikes,16,3,100000,500,10,20,101,1.421835908845141e+17,1.2463180413630574e+17,1.6829668154011603e+17,0.155161054969331,1.2706999778747559
spikes,16,3,100000,500,20,10,11,1.160718588016138e+17,1.2659061821092974e+17,1.6829668154011603e+17,0.31031403745209124,1.1221089363098145
spikes,16,3,100000,500,20,10,23,1.588405694988612e+17,1.1107092013251355e+17,1.6829668154011603e+17,0.05618715683945819,1.123872995376587
spikes,16,3,100000,500,20,10,42,1.5608159202825514e+17,1.4404802604928794e+17,1.6829668154011603e+17,0.07258069143181083,1.1241562366485596
spikes,16,3,100000,500,20,10,77,1.381923613527583e+17,2.0923642547152867e+17,1.6829668154011603e+17,0.1788764930589669,1.1220557689666748
spikes,16,3,100000,500,20,10,101,1.817378606737172e+17,2.640137412187825e+17,1.6829668154011603e+17,0.07986597840550555,1.1242339611053467
spikes,16,3,100000,500,25,8,11,1.53109540943572e+17,1.7121169016162608e+17,1.6829668154011603e+17,0.09024028553363929,1.0910961627960205
spikes,16,3,100000,500,25,8,23,2.542175044511084e+17,3.015937955985106e+17,1.6829668154011603e+17,0.5105318900213245,1.0959811210632324
spikes,16,3,100000,500,25,8,42,1.6183549517182253e+17,1.3146665932060883e+17,1.6829668154011603e+17,0.038391644500449545,1.0905840396881104
spikes,16,3,100000,500,25,8,77,2.060078906817364e+17,3.1203201139787584e+17,1.6829668154011603e+17,0.22407577378542262,1.090824842453003
spikes,16,3,100000,500,25,8,101,1.943221079765514e+17,2.9197484097056096e+17,1.6829668154011603e+17,0.15464016401435587,1.0905232429504395
spikes,16,3,100000,500,50,4,11,1.5881618248932544e+17,2.923341255416269e+17,1.6829668154011603e+17,0.056332061714067565,1.033724069595337
spikes,16,3,100000,500,50,4,23,1.681892490513712e+17,2.867148555135475e+17,1.6829668154011603e+17,0.0006383517949474474,1.0327460765838623
spikes,16,3,100000,500,50,4,42,1.7019046194959933e+17,1.951091124213162e+17,1.6829668154011603e+17,0.011252630724224263,1.0333449840545654
spikes,16,3,100000,500,50,4,77,1.704900162371529e+17,3.8937812520654995e+17,1.6829668154011603e+17,0.013032548692970217,1.0320959091186523
spikes,16,3,100000,500,50,4,101,1.3986254607009531e+17,2.6235282143287526e+17,1.6829668154011603e+17,0.16895244285160202,1.037644624710083
spikes,16,3,100000,500,100,2,11,1.4812607603511533e+17,2.806774548680919e+17,1.6829668154011603e+17,0.11985147490975773,1.0095391273498535
spikes,16,3,100000,500,100,2,23,1.0697150672839946e+17,1.4769649313023907e+17,1.6829668154011603e+17,0.3643873084752346,1.0204360485076904
spikes,16,3,100000,500,100,2,42,2.4292844259875677e+17,6.427583765712339e+17,1.6829668154011603e+17,0.4434535510484866,1.0107181072235107
spikes,16,3,100000,500,100,2,77,1.0007081230943955e+17,2.1711137851304595e+17,1.6829668154011603e+17,0.4053904605030125,1.0796558856964111
spikes,16,3,100000,500,100,2,101,1.5760886700891408e+17,3.791918842343501e+17,1.6829668154011603e+17,0.06350579484631343,1.0142860412597656
spikes,16,3,100000,500,200,1,11,9.977506623094933e+16,3.7881237647147795e+17,1.6829668154011603e+17,0.4071477505207585,1.0115880966186523
spikes,16,3,100000,500,200,1,23,1.0196454447611763e+17,3.685262083311287e+17,1.6829668154011603e+17,0.3941381164321243,1.010216236114502
spikes,16,3,100000,500,200,1,42,1.6722629271614112e+17,9.23638029016183e+17,1.6829668154011603e+17,0.006360130301914294,1.008584976196289
spikes,16,3,100000,500,200,1,77,8.738597877085162e+16,2.4269000639263382e+17,1.6829668154011603e+17,0.48076231823963883,1.0078752040863037
spikes,16,3,100000,500,200,1,101,1.0230831750610878e+17,3.849842345577646e+17,1.6829668154011603e+17,0.39209545565684806,1.0149149894714355
uniform1,16,3,100000,20,5,1000,11,43587122.588868506,5587337.290713399,41660604.914876826,0.04624315172398586,1.4975297451019287
uniform1,16,3,100000,20,5,1000,23,44162429.446181096,1448619.3360803395,41660604.914876826,0.06005252531537004,1.5867037773132324
uniform1,16,3,100000,20,5,1000,42,46405409.604753114,3723230.942704665,41660604.914876826,0.11389188178066849,1.49117112159729
uniform1,16,3,100000,20,5,1000,77,43431872.85587754,7472459.549144087,41660604.914876826,0.0425166159881707,1.4751050472259521
uniform1,16,3,100000,20,5,1000,101,39659148.24230845,5472350.737323673,41660604.914876826,0.048041949382584735,1.4733891487121582
uniform1,16,3,100000,20,10,500,11,38724461.71633493,4159110.1930146413,41660604.914876826,0.07047769000332998,1.1919748783111572
uniform1,16,3,100000,20,10,500,23,41877817.639804356,5478619.01794437,41660604.914876826,0.005213863921835757,1.1914689540863037
uniform1,16,3,100000,20,10,500,42,40611532.752876535,4156257.363067612,41660604.914876826,0.025181395328843913,1.1959242820739746
uniform1,16,3,100000,20,10,500,77,40477699.61025761,4693959.410220758,41660604.914876826,0.028393858107346036,1.1884210109710693
uniform1,16,3,100000,20,10,500,101,40166259.00708331,5139612.727992233,41660604.914876826,0.035869520158116806,1.2005209922790527
uniform1,16,3,100000,20,20,250,11,41514206.546457514,4163941.091022986,41660604.914876826,0.0035140720764482635,1.0557079315185547
uniform1,16,3,100000,20,20,250,23,41555406.67924045,6025079.5254738275,41660604.914876826,0.002525125015619012,1.0475292205810547
uniform1,16,3,100000,20,20,250,42,40265907.45350304,4872081.25469383,41660604.914876826,0.033477609463988915,1.0474224090576172
uniform1,16,3,100000,20,20,250,77,40610764.3409626,3397753.9852178367,41660604.914876826,0.025199839898131886,1.0450210571289062
uniform1,16,3,100000,20,20,250,101,40125455.85137361,4214946.563117835,41660604.914876826,0.03684893838291383,1.0459949970245361
uniform1,16,3,100000,20,25,200,11,41154015.14196209,4861695.243415173,41660604.914876826,0.012159923600481288,1.0164809226989746
uniform1,16,3,100000,20,25,200,23,41183267.810789965,4868322.193154824,41660604.914876826,0.011457757396038337,1.0158679485321045
uniform1,16,3,100000,20,25,200,42,41579790.055617034,5489465.817550893,41660604.914876826,0.0019398388339515692,1.013580083847046
uniform1,16,3,100000,20,25,200,77,42014260.0327744,4544747.237027005,41660604.914876826,0.008488957820468152,1.0138239860534668
uniform1,16,3,100000,20,25,200,101,41828200.312008366,3909867.806454437,41660604.914876826,0.004022874787199556,1.0165870189666748
uniform1,16,3,100000,20,50,100,11,42378057.705306455,4451856.621740431,41660604.914876826,0.01722137237074611,0.9559111595153809
uniform1,16,3,100000,20,50,100,23,40851933.58577877,5058762.092023633,41660604.914876826,0.019410935840955112,0.9542372226715088
uniform1,16,3,100000,20,50,100,42,41316978.209661536,4400939.301447324,41660604.914876826,0.008248240896103324,0.954657793045044
uniform1,16,3,100000,20,50,100,77,42043234.34808324,4890193.018826261,41660604.914876826,0.009184442568422267,0.9554181098937988
uniform1,16,3,100000,20,50,100,101,42401579.458501995,5247593.789067161,41660604.914876826,0.017785976587213922,1.0568890571594238
uniform1,16,3,100000,20,100,50,11,41831533.04928624,4855159.564185164,41660604.914876826,0.004102872120043918,0.9277589321136475
uniform1,16,3,100000,20,100,50,23,41415679.24894226,4308498.402067909,41660604.914876826,0.005879071281730256,0.9254159927368164
uniform1,16,3,100000,20,100,50,42,41416368.0891873,5419208.74167485,41660604.914876826,0.0058625367103661155,0.9495532512664795
uniform1,16,3,100000,20,100,50,77,41047342.1537149,5176940.709727207,41660604.914876826,0.014720447828709512,1.0309381484985352
uniform1,16,3,100000,20,100,50,101,41444428.108561665,4466618.09656367,41660604.914876826,0.005188998257631287,1.0514891147613525
uniform1,16,3,100000,20,200,25,11,41719050.88580193,4867550.306155099,41660604.914876826,0.001402907400037218,0.9074149131774902
uniform1,16,3,100000,20,200,25,23,41688568.551651716,5228744.5973934615,41660604.914876826,0.0006712249337720113,7.513638973236084
uniform1,16,3,100000,20,200,25,42,41560404.5000985,4545314.481160345,41660604.914876826,0.002405159862250303,0.8682870864868164
uniform1,16,3,100000,20,200,25,77,41976833.42543364,5310731.055488575,41660604.914876826,0.0075905885476927676,0.5864739418029785
uniform1,16,3,100000,20,200,25,101,42124405.87319774,5428378.84463494,41660604.914876826,0.011132842628391464,0.5238678455352783
uniform1,16,3,100000,50,5,400,11,44278869.01470717,3059334.464620387,41660604.914876826,0.06284748157594258,0.9170680046081543
uniform1,16,3,100000,50,5,400,23,41998866.77150887,2200904.727900315,41660604.914876826,0.008119465795640777,0.8806428909301758
uniform1,16,3,100000,50,5,400,42,42403032.95583425,2945693.6938115563,41660604.914876826,0.01782086559891268,0.8847508430480957
uniform1,16,3,100000,50,5,400,77,44178380.297676854,5337960.4391224105,41660604.914876826,0.06043540145287091,0.8956191539764404
uniform1,16,3,100000,50,5,400,101,39739830.33019378,2451177.2555569266,41660604.914876826,0.04610529752526817,0.965036153793335
uniform1,16,3,100000,50,10,200,11,41648410.664538875,3990202.1504257256,41660604.914876826,0.00029270459137275683,0.7121500968933105
uniform1,16,3,100000,50,10,200,23,41992805.90690744,3402417.552048675,41660604.914876826,0.007973983880200106,0.7119789123535156
uniform1,16,3,100000,50,10,200,42,41788024.41360145,3538729.8500325917,41660604.914876826,0.0030585129281001763,0.7157251834869385
uniform1,16,3,100000,50,10,200,77,40769052.417539775,4627792.597770458,41660604.914876826,0.021400373306117815,0.7257847785949707
uniform1,16,3,100000,50,10,200,101,39590800.03740573,2631429.2611428485,41660604.914876826,0.0496825449774489,0.7101991176605225
uniform1,16,3,100000,50,20,100,11,41832093.7770219,2825127.707382463,41660604.914876826,0.004116331543804246,0.6249289512634277
uniform1,16,3,100000,50,20,100,23,41735197.72624732,2642057.191139084,41660604.914876826,0.0017904879567376421,0.6227807998657227
uniform1,16,3,100000,50,20,100,42,41787462.898653224,3149627.9576484924,41660604.914876826,0.0030450346084892675,0.6221792697906494
uniform1,16,3,100000,50,20,100,77,41797279.479594514,3631105.803199416,41660604.914876826,0.0032806668313373854,0.6214289665222168
uniform1,16,3,100000,50,20,100,101,40788349.86825167,3431379.592184747,41660604.914876826,0.02093716710084738,0.7003800868988037
uniform1,16,3,100000,50,25,80,11,42151029.46481076,2900995.8470264496,41660604.914876826,0.011771901798737544,0.6016519069671631
uniform1,16,3,100000,50,25,80,23,41802089.145437896,3002048.9603498345,41660604.914876826,0.0033961156073023494,0.607309103012085
uniform1,16,3,100000,50,25,80,42,41686465.80645179,3398153.4954424878,41660604.914876826,0.0006207517060254953,1.104032039642334
uniform1,16,3,100000,50,25,80,77,41540874.83164608,3029447.9220719114,41660604.914876826,0.0028739401042156654,0.6341018676757812
uniform1,16,3,100000,50,25,80,101,40887650.42748534,2844784.2507239752,41660604.914876826,0.01855360691403374,0.60260009765625
uniform1,16,3,100000,50,50,40,11,41620055.425631024,2794247.7078520833,41660604.914876826,0.0009733293438406631,0.5710031986236572
uniform1,16,3,100000,50,50,40,23,42018733.061481096,3507770.234206698,41660604.914876826,0.008596326129589724,0.5778000354766846
uniform1,16,3,100000,50,50,40,42,41703490.685543984,3663277.2087032953,41660604.914876826,0.0010294082564279747,0.5687482357025146
uniform1,16,3,100000,50,50,40,77,41977401.06836214,3196714.0679004886,41660604.914876826,0.007604213960229524,0.572990894317627
uniform1,16,3,100000,50,50,40,101,42253072.2921044,3026667.2780271815,41660604.914876826,0.014221285995201836,0.640143871307373
uniform1,16,3,100000,50,100,20,11,41175228.464680046,3257343.3419820066,41660604.914876826,0.01165072977669257,0.5556869506835938
uniform1,16,3,100000,50,100,20,23,40722355.79511422,2739928.6583861155,41660604.914876826,0.02252125531253537,0.5563509464263916
uniform1,16,3,100000,50,100,20,42,41291645.09795954,3444379.1432680115,41660604.914876826,0.008856324042129578,0.5790970325469971
uniform1,16,3,100000,50,100,20,77,41796437.99552366,3583206.9148378363,41660604.914876826,0.003260468275109703,0.5652718544006348
uniform1,16,3,100000,50,100,20,101,41458883.25830137,3196182.905766489,41660604.914876826,0.004842024185381483,0.5629911422729492
uniform1,16,3,100000,50,200,10,11,41730573.78225679,4097380.295599354,41660604.914876826,0.0016794971537961948,0.5538158416748047
uniform1,16,3,100000,50,200,10,23,41848375.63614424,4330138.9626605045,41660604.914876826,0.0045071530202473115,0.5531949996948242
uniform1,16,3,100000,50,200,10,42,41406012.654981144,4005446.3052168447,41660604.914876826,0.0061111032932882,0.5535929203033447
uniform1,16,3,100000,50,200,10,77,41950025.786516644,4232128.512063933,41660604.914876826,0.006947111599343748,0.5499629974365234
uniform1,16,3,100000,50,200,10,101,41995353.17083991,4295172.506413281,41660604.914876826,0.00803512710982144,0.5498888492584229
uniform1,16,3,100000,100,5,200,11,42188098.521120645,1954556.6501176343,41660604.914876826,0.012661688598176193,0.9343218803405762
uniform1,16,3,100000,100,5,200,23,42120341.654843256,3349492.9730188698,41660604.914876826,0.011035287195320098,0.8882541656494141
uniform1,16,3,100000,100,5,200,42,43349569.73899914,710033.7487928169,41660604.914876826,0.04054105377426229,0.889143705368042
uniform1,16,3,100000,100,5,200,77,43962562.66964893,2438335.330859534,41660604.914876826,0.05525502472841159,0.8879609107971191
uniform1,16,3,100000,100,5,200,101,42496523.11938378,2355704.8325526426,41660604.914876826,0.0200649559989575,0.8843080997467041
uniform1,16,3,100000,100,10,100,11,42255422.15292637,2460630.2810407905,41660604.914876826,0.014277690860824194,0.7252061367034912
uniform1,16,3,100000,100,10,100,23,42310442.99081335,3038173.2296195966,41660604.914876826,0.015598383107117862,0.724877119064331
uniform1,16,3,100000,100,10,100,42,41822357.90984811,2236596.3765930133,41660604.914876826,0.0038826367332347946,0.7208287715911865
uniform1,16,3,100000,100,10,100,77,42167075.117626205,2175720.539794554,41660604.914876826,0.012157053498964452,0.7162868976593018
uniform1,16,3,100000,100,10,100,101,40302721.29185408,1900724.4208533915,41660604.914876826,0.032593948786803335,0.8486068248748779
uniform1,16,3,100000,100,20,50,11,41525871.60345705,2166234.8929219344,41660604.914876826,0.0032340699731814235,0.6301977634429932
uniform1,16,3,100000,100,20,50,23,41797233.16054495,2584341.297001405,41660604.914876826,0.0032795550123980873,0.6332380771636963
uniform1,16,3,100000,100,20,50,42,41758194.48984722,2033687.6033504528,41660604.914876826,0.0023424905896060463,0.628493070602417
uniform1,16,3,100000,100,20,50,77,42107393.112753585,1948813.1170651554,41660604.914876826,0.010724476967861133,0.6513388156890869
uniform1,16,3,100000,100,20,50,101,40569057.96870159,2126510.316364215,41660604.914876826,0.026200938474262185,0.629688024520874
uniform1,16,3,100000,100,25,40,11,42193518.92241618,2264792.106742369,41660604.914876826,0.01279179715772809,0.6123960018157959
uniform1,16,3,100000,100,25,40,23,41946889.36982352,2158406.7039149515,41660604.914876826,0.006871826646100037,0.6108701229095459
uniform1,16,3,100000,100,25,40,42,41759059.80695839,2349506.592449931,41660604.914876826,0.0023632612220282076,0.6128709316253662
uniform1,16,3,100000,100,25,40,77,41963780.80078792,2456700.1409727414,41660604.914876826,0.007277279975424201,0.6105928421020508
uniform1,16,3,100000,100,25,40,101,41641369.45182485,2578249.2702968013,41660604.914876826,0.00046171828496676174,0.711237907409668
uniform1,16,3,100000,100,50,20,11,41401201.67834929,2533093.325767572,41660604.914876826,0.006226583532753937,0.5749139785766602
uniform1,16,3,100000,100,50,20,23,41870476.43632169,2683501.876387368,41660604.914876826,0.005037649402203479,0.5805132389068604
uniform1,16,3,100000,100,50,20,42,41822360.02560548,2796170.9907837086,41660604.914876826,0.0038826875188000265,0.5769460201263428
uniform1,16,3,100000,100,50,20,77,41992604.73549113,2508689.9556585243,41660604.914876826,0.007969155063702518,0.5766358375549316
uniform1,16,3,100000,100,50,20,101,42205902.536122814,2519716.996454738,41660604.914876826,0.013089047131220704,0.5737738609313965
uniform1,16,3,100000,100,100,10,11,41194220.81137626,2620830.3785707233,41660604.914876826,0.011194847133245143,0.5584559440612793
uniform1,16,3,100000,100,100,10,23,41212117.92748024,3031595.390826311,41660604.914876826,0.010765253848640834,0.5594611167907715
uniform1,16,3,100000,100,100,10,42,41496387.054728724,2968666.6778587657,41660604.914876826,0.00394180210497761,0.5592701435089111
uniform1,16,3,100000,100,100,10,77,41710673.991115235,3323222.9480341272,41660604.914876826,0.0012018326747946291,0.5590472221374512
uniform1,16,3,100000,100,100,10,101,41518457.814691484,2986724.229732951,41660604.914876826,0.0034120267930766893,0.558988094329834
uniform1,16,3,100000,100,200,5,11,41650310.251764864,4101614.404582979,41660604.914876826,0.00024710786444404693,0.5497307777404785
uniform1,16,3,100000,100,200,5,23,41675904.988503546,4158145.2459370946,41660604.914876826,0.0003672551960774776,0.5811169147491455
uniform1,16,3,100000,100,200,5,42,41321335.24587058,3713117.52697864,41660604.914876826,0.00814365681197998,0.6232762336730957
uniform1,16,3,100000,100,200,5,77,41843506.21494413,4078329.7259579645,41660604.914876826,0.00439026990705054,0.5794107913970947
uniform1,16,3,100000,100,200,5,101,42060601.649272196,4105442.394874293,41660604.914876826,0.009601318444911315,0.5537006855010986
uniform1,16,3,100000,200,5,100,11,42430420.8325019,2066590.9894064232,41660604.914876826,0.018478270279512408,0.8919720649719238
uniform1,16,3,100000,200,5,100,23,42536270.08435474,1279163.8094657762,41660604.914876826,0.021019021957725363,0.8937170505523682
uniform1,16,3,100000,200,5,100,42,41778336.25934464,1012380.1076071175,41660604.914876826,0.002825963394155372,0.893474817276001
uniform1,16,3,100000,200,5,100,77,42953645.54325078,1252491.8545778284,41660604.914876826,0.03103749047849786,0.8893909454345703
uniform1,16,3,100000,200,5,100,101,43380407.21656027,1848638.9227424108,41660604.914876826,0.041281260922577404,0.9291021823883057
uniform1,16,3,100000,200,10,50,11,42563563.75554557,1536398.1958388363,41660604.914876826,0.021674165377908436,0.7208178043365479
uniform1,16,3,100000,200,10,50,23,41995985.94593016,1610830.8657877336,41660604.914876826,0.008050315921686757,0.7226302623748779
uniform1,16,3,100000,200,10,50,42,42456759.0385107,1442835.1718732258,41660604.914876826,0.019110479198768744,0.721930980682373
uniform1,16,3,100000,200,10,50,77,41971040.28311756,815106.3522693091,41660604.914876826,0.0074515329020074135,0.7239370346069336
uniform1,16,3,100000,200,10,50,101,40813097.839239106,1250929.567600648,41660604.914876826,0.020343129375326938,0.7221481800079346
uniform1,16,3,100000,200,20,25,11,41731034.65785593,1992996.148297142,41660604.914876826,0.0016905597775886273,0.6357929706573486
uniform1,16,3,100000,200,20,25,23,41758387.00434591,1493750.966166128,41660604.914876826,0.002347111609850031,0.6379201412200928
uniform1,16,3,100000,200,20,25,42,41743419.06988343,1351148.7676631093,41660604.914876826,0.0019878289135698514,0.6349167823791504
uniform1,16,3,100000,200,20,25,77,41823815.53492279,1456740.0450454948,41660604.914876826,0.003917624825166319,0.6364200115203857
uniform1,16,3,100000,200,20,25,101,40676121.16545014,2262924.3330877046,41660604.914876826,0.023631047879363133,0.6721842288970947
uniform1,16,3,100000,200,25,20,11,42031016.79802051,1676333.7201215585,41660604.914876826,0.008891178702290356,0.6191990375518799
uniform1,16,3,100000,200,25,20,23,41724408.12688276,1609432.1487823918,41660604.914876826,0.0015314998938758028,0.6184728145599365
uniform1,16,3,100000,200,25,20,42,41430873.5013435,1711803.124854673,41660604.914876826,0.0055143561646001545,317.17331075668335
uniform1,16,3,100000,200,25,20,77,41930026.66674325,1770443.4901177364,41660604.914876826,0.006467062886314769,0.6384758949279785
uniform1,16,3,100000,200,25,20,101,41309693.93391892,1649550.4111144226,41660604.914876826,0.00842308895117829,0.613213300704956
uniform1,16,3,100000,200,50,10,11,41603762.584241845,2227547.988020146,41660604.914876826,0.0013644144330387108,0.579301118850708
uniform1,16,3,100000,200,50,10,23,41726593.00123033,2405295.7273196355,41660604.914876826,0.0015839445079670242,0.5946519374847412
uniform1,16,3,100000,200,50,10,42,41883472.744272515,2342059.6214761804,41660604.914876826,0.005349606177132198,0.5957610607147217
uniform1,16,3,100000,200,50,10,77,42017243.55612851,2470349.0202910486,41660604.914876826,0.008560572799660167,0.5959711074829102
uniform1,16,3,100000,200,50,10,101,42110171.66449011,2606148.6396200797,41660604.914876826,0.010791171912454557,0.6346690654754639
uniform1,16,3,100000,200,100,5,11,41275504.51646092,2467955.6118527157,41660604.914876826,0.009243754362251003,0.5635280609130859
uniform1,16,3,100000,200,100,5,23,41303216.54195764,2937090.748913898,41660604.914876826,0.008578568977801017,0.5612962245941162
uniform1,16,3,100000,200,100,5,42,41517459.628421165,3002758.2084079953,41660604.914876826,0.003435986749307725,0.5689923763275146
uniform1,16,3,100000,200,100,5,77,41656923.80210909,3230182.2583649987,41660604.914876826,8.835956115507876e-05,0.5661108493804932
uniform1,16,3,100000,200,100,5,101,41288479.879415706,2902586.456386396,41660604.914876826,0.008932300340368703,0.5649881362915039
uniform1,16,3,100000,500,5,40,11,42161955.00344903,1050146.0723433103,41660604.914876826,0.012034152878878965,0.8962399959564209
uniform1,16,3,100000,500,5,40,23,41460656.23304145,968564.903280723,41660604.914876826,0.004799466600255122,0.8950939178466797
uniform1,16,3,100000,500,5,40,42,42175759.254651085,1325541.744251126,41660604.914876826,0.012365503113237298,0.9125311374664307
uniform1,16,3,100000,500,5,40,77,41743700.8361326,1295566.246454509,41660604.914876826,0.001994592287499445,0.9301948547363281
uniform1,16,3,100000,500,5,40,101,42257764.49392471,772901.6334743706,41660604.914876826,0.014333915224419555,0.9533088207244873
uniform1,16,3,100000,500,10,20,11,42132892.23639049,785802.7101888398,41660604.914876826,0.011336544980051608,0.7379062175750732
uniform1,16,3,100000,500,10,20,23,42127515.01351664,1055812.490389009,41660604.914876826,0.011207472853402674,0.7380228042602539
uniform1,16,3,100000,500,10,20,42,41745220.315811194,680487.9705965082,41660604.914876826,0.002031065105925828,0.7382001876831055
uniform1,16,3,100000,500,10,20,77,41608801.819782436,1210706.9937695288,41660604.914876826,0.0012434551826656637,0.7457859516143799
uniform1,16,3,100000,500,10,20,101,41685312.859562606,1291793.612111422,41660604.914876826,0.00059307695450568,0.7314999103546143
uniform1,16,3,100000,500,20,10,11,41654432.16360353,1440623.5772986987,41660604.914876826,0.00014816758628227478,0.6569280624389648
uniform1,16,3,100000,500,20,10,23,41531208.04181799,947396.0753751984,41660604.914876826,0.0031059768172647466,0.6435258388519287
uniform1,16,3,100000,500,20,10,42,41517086.096126474,1139267.021211768,41660604.914876826,0.003444952828783859,0.6438970565795898
uniform1,16,3,100000,500,20,10,77,41821329.691345885,1157435.1093570082,41660604.914876826,0.0038579558985631806,0.6495378017425537
uniform1,16,3,100000,500,20,10,101,41102035.23825697,1727962.9063702684,41660604.914876826,0.013407622807233763,0.6549661159515381
uniform1,16,3,100000,500,25,8,11,41983483.23839232,1610237.0814486563,41660604.914876826,0.007750207280360412,0.6249170303344727
uniform1,16,3,100000,500,25,8,23,41542928.223140456,1292298.6376382734,41660604.914876826,0.002824651537749239,0.623964786529541
uniform1,16,3,100000,500,25,8,42,41685951.4374196,1476616.9597634783,41660604.914876826,0.0006084050530366529,0.6248490810394287
uniform1,16,3,100000,500,25,8,77,41837431.52916332,1844058.9213427505,41660604.914876826,0.004244456235040246,0.6262309551239014
uniform1,16,3,100000,500,25,8,101,41399652.86598437,1510752.1477766675,41660604.914876826,0.006263760438084,0.6269078254699707
uniform1,16,3,100000,500,50,4,11,41688123.7109928,2254049.230676233,41660604.914876826,0.0006605472045401159,0.5945191383361816
uniform1,16,3,100000,500,50,4,23,41820713.49892573,2291007.1955189416,41660604.914876826,0.003843165128688047,0.5958960056304932
uniform1,16,3,100000,500,50,4,42,41936154.27805835,2335824.7007857184,41660604.914876826,0.006614146955968142,0.5937769412994385
uniform1,16,3,100000,500,50,4,77,41943425.961024344,2305637.363300017,41660604.914876826,0.006788692740429308,0.6097829341888428
uniform1,16,3,100000,500,50,4,101,42070944.64542436,2636523.0932150483,41660604.914876826,0.009849586471102867,0.6517410278320312
uniform1,16,3,100000,500,100,2,11,41289738.139872,2472563.8886483405,41660604.914876826,0.008902097695475168,0.5872509479522705
uniform1,16,3,100000,500,100,2,23,41353447.03095719,2916498.996115414,41660604.914876826,0.007372861833073123,0.5838510990142822
uniform1,16,3,100000,500,100,2,42,41538459.863415174,3033559.7573869736,41660604.914876826,0.002931907775012514,0.587338924407959
uniform1,16,3,100000,500,100,2,77,41722978.528489836,3173774.074596545,41660604.914876826,0.0014971845401778143,0.5813608169555664
uniform1,16,3,100000,500,100,2,101,41342685.36854825,2837047.251298487,41660604.914876826,0.007631179311442179,0.5791730880737305
uniform1,16,3,100000,500,200,1,11,41638106.442395866,4021040.8993571517,41660604.914876826,0.0005400419059428031,0.5822391510009766
uniform1,16,3,100000,500,200,1,23,41670990.3997842,4034171.164853267,41660604.914876826,0.00024928790469062954,0.5834372043609619
uniform1,16,3,100000,500,200,1,42,41343839.440681286,3732276.9228142817,41660604.914876826,0.007603477550140524,0.5811550617218018
uniform1,16,3,100000,500,200,1,77,41929432.95642856,4110680.6525599193,41660604.914876826,0.00645281176548001,0.5905351638793945
uniform1,16,3,100000,500,200,1,101,42083732.00981955,3941955.7399354805,41660604.914876826,0.01015652787104945,0.5813016891479492
