A,B,C,N_total,trial,Z_est,Z_true,rel_error,logw_std,time_sec
200,100,10,200000,0,0.03540491308591548,1.0045369804739377,0.9647549928234482,,2.0334231853485107
200,100,10,200000,1,0.03467740578701137,1.0045369804739377,0.9654792143434573,,2.0067028999328613
200,100,10,200000,2,0.9308101456699073,1.0045369804739377,0.07339384834717215,,1.9966859817504883
200,100,10,200000,3,0.026423221255777826,1.0045369804739377,0.9736961189389848,,2.002744197845459
200,100,10,200000,4,0.13111904180378128,1.0045369804739377,0.869473155939048,,2.0353200435638428
200,100,10,200000,5,0.019642163280702958,1.0045369804739377,0.9804465503386088,,1.9891610145568848
200,100,10,200000,6,0.09317252500627685,1.0045369804739377,0.9072482877013465,,1.9830958843231201
200,100,10,200000,7,0.2226905253080445,1.0045369804739377,0.7783152540556748,,2.0137269496917725
200,100,10,200000,8,0.6986945100494841,1.0045369804739377,0.3044611361944664,,1.9755570888519287
200,100,10,200000,9,9.384143199398691,1.0045369804739377,8.341759817514411,,1.9791538715362549
200,100,10,200000,10,1.4847841899343022,1.0045369804739377,0.47807817810130315,,1.9801599979400635
200,100,10,200000,11,0.14074525064213755,1.0045369804739377,0.8598904237694321,,1.9779810905456543
200,100,10,200000,12,0.7591491969636156,1.0045369804739377,0.24427949222391876,,2.0285491943359375
200,100,10,200000,13,10.028097367237217,1.0045369804739377,8.982805573276146,,1.977874994277954
200,100,10,200000,14,0.7154154950803315,1.0045369804739377,0.28781567131276686,,1.9822540283203125
200,100,10,200000,15,0.3756456813957486,1.0045369804739377,0.6260509182862337,,2.0045599937438965
200,100,10,200000,16,1.668030160218514,1.0045369804739377,0.6604965199305475,,1.9795069694519043
200,100,10,200000,17,0.29200357448657466,1.0045369804739377,0.7093152565186717,,1.979532241821289
200,100,10,200000,18,0.006405537863747007,1.0045369804739377,0.9936233926791577,,1.977510929107666
200,100,10,200000,19,0.23283318206849535,1.0045369804739377,0.7682184064954529,,1.9754281044006348
200,100,50,1000000,0,4.906920909061557,1.0045369804739377,3.8847588535232283,,9.942604064941406
200,100,50,1000000,1,1.0025373110615516,1.0045369804739377,0.0019906379269806606,,10.53935694694519
200,100,50,1000000,2,1.0151614875601502,1.0045369804739377,0.010576521614166888,,10.30256986618042
200,100,50,1000000,3,1.3946267221063586,1.0045369804739377,0.3883279055076476,,10.309046983718872
200,100,50,1000000,4,4.657884956421373,1.0045369804739377,3.6368476690861065,,10.199916124343872
200,100,50,1000000,5,7.312025857636636,1.0045369804739377,6.279001171451989,,10.020692110061646
200,100,50,1000000,6,2.0064677001879345,1.0045369804739377,0.9974055103887651,,10.25146198272705
200,100,50,1000000,7,0.9622493440805066,1.0045369804739377,0.042096644738235475,,17.263057231903076
200,100,50,1000000,8,7.031337500705971,1.0045369804739377,5.999580540468113,,10.290059089660645
200,100,50,1000000,9,2.7693877509779945,1.0045369804739377,1.7568798409705189,,9.954223871231079
200,100,50,1000000,10,2.349297688984004,1.0045369804739377,1.3386871112257233,,11.309961080551147
200,100,50,1000000,11,4.306721773591544,1.0045369804739377,3.2872705109966636,,10.907857179641724
200,100,50,1000000,12,3.921282693494511,1.0045369804739377,2.9035722623615716,,10.109976291656494
200,100,50,1000000,13,2.02789857610435,1.0045369804739377,1.0187395939844774,,10.072157859802246
200,100,50,1000000,14,2.942911828617651,1.0045369804739377,1.9296201989788306,,10.64235806465149
200,100,50,1000000,15,4.387041064186499,1.0045369804739377,3.3672270403790465,,10.285380840301514
200,100,50,1000000,16,10.826899884525549,1.0045369804739377,9.778000307581955,,10.178063869476318
200,100,50,1000000,17,3.1038240428263366,1.0045369804739377,2.0898056549017854,,10.707784175872803
200,100,50,1000000,18,4.967692579556506,1.0045369804739377,3.9452560494216584,,10.407871961593628
200,100,50,1000000,19,11.551725198439819,1.0045369804739377,10.499551955757514,,10.583856105804443
200,100,100,2000000,0,3.589701934653387,1.0045369804739377,2.573489084453392,,20.769876956939697
200,100,100,2000000,1,1.7442874981928917,1.0045369804739377,0.7364094424577001,,20.519011735916138
200,100,100,2000000,2,3.2700224627124284,1.0045369804739377,2.2552534414110283,,21.22999405860901
200,100,100,2000000,3,8.895586004042686,1.0045369804739377,7.855409185479438,,21.19989824295044
200,100,100,2000000,4,4.877356486393669,1.0045369804739377,3.855327958252514,,20.486507892608643
200,100,100,2000000,5,7.489694894391248,1.0045369804739377,6.45586776791197,,20.83960199356079
200,100,100,2000000,6,3.7144362933832156,1.0045369804739377,2.6976600817928627,,20.92863893508911
200,100,100,2000000,7,10.734405666157492,1.0045369804739377,9.685923838356882,,21.159192085266113
200,100,100,2000000,8,8.126355815739895,1.0045369804739377,7.089653217053198,,20.598828077316284
200,100,100,2000000,9,4.2138829681063985,1.0045369804739377,3.1948510109785113,,21.684349060058594
200,100,100,2000000,10,5.119330585101695,1.0045369804739377,4.09620918354485,,21.245285034179688
200,100,100,2000000,11,4.586645785824894,1.0045369804739377,3.5659302494378333,,21.039005041122437
200,100,100,2000000,12,3.8204446072415994,1.0045369804739377,2.8031896102412523,,21.029611825942993
200,100,100,2000000,13,8.624394857472108,1.0045369804739377,7.585442870807149,,20.826289176940918
200,100,100,2000000,14,10.162294794425803,1.0045369804739377,9.116396899227404,,20.752209901809692
200,100,100,2000000,15,2.317449738597861,1.0045369804739377,1.3069830017651463,,21.03596806526184
200,100,100,2000000,16,5.326396376720314,1.0045369804739377,4.302339764741499,,21.210689783096313
200,100,100,2000000,17,6.883597368409096,1.0045369804739377,5.852507674890609,,30.557992935180664
200,100,100,2000000,18,11.341440561550565,1.0045369804739377,10.290217067170294,,24.867198944091797
200,100,100,2000000,19,9.143476219851374,1.0045369804739377,8.102179807793146,,24.361892700195312
200,100,500,10000000,0,3.8940046182080357,1.0045369804739377,2.8764173882088997,,121.00112271308899
200,100,500,10000000,1,9.554443468206053,1.0045369804739377,8.511290926988366,,102.89448308944702
200,100,500,10000000,2,3.2159219192517754,1.0045369804739377,2.2013972424733557,,102.36365604400635
200,100,500,10000000,3,6.622877754124181,1.0045369804739377,5.59296559794098,,105.33347201347351
200,100,500,10000000,4,5.391946788620654,1.0045369804739377,4.367594118911132,,103.36897993087769
200,100,500,10000000,5,12.075639399849278,1.0045369804739377,11.021099904308176,,101.51671767234802
200,100,500,10000000,6,4.295996408711374,1.0045369804739377,3.276593587111681,,101.33953309059143
200,100,500,10000000,7,2.5652563097821166,1.0045369804739377,1.5536703572344703,,102.02104997634888
200,100,500,10000000,8,4.369816742709104,1.0045369804739377,3.35008051236445,,101.31771993637085
200,100,500,10000000,9,3.919302496120672,1.0045369804739377,2.9016010085278854,,101.19884967803955
200,100,500,10000000,10,6.033199649504095,1.0045369804739377,5.005950768141606,,100.913583278656
200,100,500,10000000,11,6.3489236194490255,1.0045369804739377,5.320248774170187,,100.15243601799011
200,100,500,10000000,12,4.015882167610382,1.0045369804739377,2.9977444789695054,,99.34227705001831
200,100,500,10000000,13,6.335039714446364,1.0045369804739377,5.306427575675224,,100.75913310050964
200,100,500,10000000,14,3.6447471240820057,1.0045369804739377,2.628285662875671,,103.88972806930542
200,100,500,10000000,15,58.78766392478156,1.0045369804739377,57.522150072609286,,111.70575165748596
200,100,500,10000000,16,3.602503331855055,1.0045369804739377,2.586232664282209,,102.77284097671509
200,100,500,10000000,17,5.262570028087392,1.0045369804739377,4.238801687126069,,101.48296189308167
200,100,500,10000000,18,13.13048143064435,1.0045369804739377,12.071177752410295,,70.19681310653687
200,100,500,10000000,19,7.8161689741950955,1.0045369804739377,6.78086733104385,,57.19623279571533
200,100,1000,20000000,0,3.510275758058275,1.0045369804739377,2.4944216353310726,,114.12242078781128
200,100,1000,20000000,1,28.588555067266963,1.0045369804739377,27.459435165621244,,114.17756414413452
200,100,1000,20000000,2,10.155965037495108,1.0045369804739377,9.110095730575843,,115.68324589729309
200,100,1000,20000000,3,10.452519647063937,1.0045369804739377,9.4053109544384,,119.26988220214844
200,100,1000,20000000,4,5.1433177071551635,1.0045369804739377,4.1200879680194165,,117.4253420829773
200,100,1000,20000000,5,6.269489925615053,1.0045369804739377,5.241173841760535,,117.06343007087708
200,100,1000,20000000,6,5.1731392936334935,1.0045369804739377,4.149774865622987,,115.08063888549805
200,100,1000,20000000,7,11.706847990785143,1.0045369804739377,10.653974137678718,,113.70890712738037
200,100,1000,20000000,8,10.59880735661866,1.0045369804739377,9.550937957125454,,113.74445223808289
200,100,1000,20000000,9,6.90872897101277,1.0045369804739377,5.877525770881278,,114.21220302581787
200,100,1000,20000000,10,6.517095917853964,1.0045369804739377,5.487661524197165,,114.11134099960327
200,100,1000,20000000,11,3.970893616445687,1.0045369804739377,2.9529591181125365,,114.65246534347534
200,100,1000,20000000,12,5.151826014928142,1.0045369804739377,4.128557848111799,,114.10220789909363
200,100,1000,20000000,13,4.2263206516979075,1.0045369804739377,3.2072325199057796,,113.43079900741577
200,100,1000,20000000,14,6.178892899992238,1.0045369804739377,5.150985996630064,,113.4161159992218
200,100,1000,20000000,15,8.088102724222558,1.0045369804739377,7.051572895212494,,113.57645916938782
200,100,1000,20000000,16,6.013230724314706,1.0045369804739377,4.986072032388177,,113.45881009101868
200,100,1000,20000000,17,5.16465807068414,1.0045369804739377,4.141331948025914,,113.34716486930847
200,100,1000,20000000,18,5.877000965601237,1.0045369804739377,4.850457553915521,,113.7936110496521
200,100,1000,20000000,19,6.724314297561957,1.0045369804739377,5.693944004320722,,113.39681577682495
200,100,5000,100000000,0,11.341762064437772,1.0045369804739377,10.290537117993168,,589.560200214386
200,100,5000,100000000,1,7.704977182079398,1.0045369804739377,6.670177735461976,,599.675931930542
200,100,5000,100000000,2,5.473386117332427,1.0045369804739377,4.448665627770218,,595.500638961792
200,100,5000,100000000,3,8.257072938559299,1.0045369804739377,7.219779957392545,,597.000715970993
200,100,5000,100000000,4,5.4713581282130965,1.0045369804739377,4.446646798041945,,594.4546592235565
200,100,5000,100000000,5,14.942335392438592,1.0045369804739377,13.874848495262802,,597.1884899139404
200,100,5000,100000000,6,7.366140332807155,1.0045369804739377,6.332871239177109,,600.291955947876
200,100,5000,100000000,7,6.144842508944642,1.0045369804739377,5.117089393807605,,592.3676669597626
200,100,5000,100000000,8,9.837901876445423,1.0045369804739377,8.793469098373988,,596.1773488521576
200,100,5000,100000000,9,4.576507314577357,1.0045369804739377,3.5558375684867016,,592.3389801979065
200,100,5000,100000000,10,9.93285111481076,1.0045369804739377,8.887989499524913,,590.1044428348541
200,100,5000,100000000,11,3.548976518644525,1.0045369804739377,2.532947604348152,,589.9666891098022
200,100,5000,100000000,12,9.550618635667647,1.0045369804739377,8.507483369265003,,591.8483860492706
200,100,5000,100000000,13,6.810377571309009,1.0045369804739377,5.779618574217041,,590.7064287662506
200,100,5000,100000000,14,2.2693299474576976,1.0045369804739377,1.2590805431443988,,598.1875150203705
200,100,5000,100000000,15,7.206613480737552,1.0045369804739377,6.174064888420029,,584.65509724617
200,100,5000,100000000,16,7.37921045580406,1.0045369804739377,6.345882331103997,,581.3438577651978
200,100,5000,100000000,17,8.452278883220188,1.0045369804739377,7.4141042565027595,,582.0410640239716
200,100,5000,100000000,18,6.523341605528313,1.0045369804739377,5.493879003290272,,591.4027557373047
200,100,5000,100000000,19,10.050240206627548,1.0045369804739377,9.004848404770398,,623.4490070343018
