A,B,C,beta_idx,beta,rel_error
200,10,50,0,0.0,
200,10,50,1,0.005025125628140704,0.17364648354599063
200,10,50,2,0.010050251256281407,0.3531486404896091
200,10,50,3,0.01507537688442211,0.5683102218759801
200,10,50,4,0.020100502512562814,0.7860870173232275
200,10,50,5,0.02512562814070352,1.0722629469930371
200,10,50,6,0.03015075376884422,1.29630004108133
200,10,50,7,0.035175879396984924,1.6242582552579894
200,10,50,8,0.04020100502512563,2.0075892459703395
200,10,50,9,0.04522613065326633,2.279495577313668
200,10,50,10,0.05025125628140704,2.6309493211039485
200,10,50,11,0.05527638190954774,3.028238245215317
200,10,50,12,0.06030150753768844,3.205239062798288
200,10,50,13,0.06532663316582915,3.7706332996000693
200,10,50,14,0.07035175879396985,4.048478764017222
200,10,50,15,0.07537688442211056,4.3545327961562865
200,10,50,16,0.08040201005025126,4.729037530158184
200,10,50,17,0.08542713567839195,4.945328422125281
200,10,50,18,0.09045226130653267,5.7768869923037425
200,10,50,19,0.09547738693467336,5.477653153253946
200,10,50,20,0.10050251256281408,6.422043951472449
200,10,50,21,0.10552763819095477,6.32225737335876
200,10,50,22,0.11055276381909548,6.941672483659111
200,10,50,23,0.11557788944723618,6.286396184284029
200,10,50,24,0.12060301507537688,6.887006859645128
200,10,50,25,0.12562814070351758,7.516213784518662
200,10,50,26,0.1306532663316583,8.162387380204164
200,10,50,27,0.135678391959799,7.53208825668638
200,10,50,28,0.1407035175879397,6.323580619510782
200,10,50,29,0.1457286432160804,6.523716002699757
200,10,50,30,0.15075376884422112,6.453203811166853
200,10,50,31,0.15577889447236182,8.259015264566855
200,10,50,32,0.16080402010050251,8.412888069950277
200,10,50,33,0.1658291457286432,8.657966061730553
200,10,50,34,0.1708542713567839,6.904431465824148
200,10,50,35,0.17587939698492464,10.43573333663372
200,10,50,36,0.18090452261306533,14.03194565108461
200,10,50,37,0.18592964824120603,8.019980994417482
200,10,50,38,0.19095477386934673,8.448753441059353
200,10,50,39,0.19597989949748745,5.83918675422452
200,10,50,40,0.20100502512562815,9.824507984681258
200,10,50,41,0.20603015075376885,10.912163755754074
200,10,50,42,0.21105527638190955,12.779317729205918
200,10,50,43,0.21608040201005024,11.885528159485938
200,10,50,44,0.22110552763819097,8.446135690400842
200,10,50,45,0.22613065326633167,9.756578544742371
200,10,50,46,0.23115577889447236,9.361101616498942
200,10,50,47,0.23618090452261306,7.826631617048877
200,10,50,48,0.24120603015075376,6.277006272439313
200,10,50,49,0.24623115577889448,5.93205086356729
200,10,50,50,0.25125628140703515,13.653096685039056
200,10,50,51,0.2562814070351759,6.098293739873292
200,10,50,52,0.2613065326633166,11.198321169883227
200,10,50,53,0.2663316582914573,6.574460076739287
200,10,50,54,0.271356783919598,7.520625654556202
200,10,50,55,0.2763819095477387,10.863960944726132
200,10,50,56,0.2814070351758794,3.520966899873637
200,10,50,57,0.2864321608040201,6.918654455830767
200,10,50,58,0.2914572864321608,2.785064378797532
200,10,50,59,0.2964824120603015,5.309780349546907
200,10,50,60,0.30150753768844224,12.546187970552655
200,10,50,61,0.3065326633165829,8.11464043267379
200,10,50,62,0.31155778894472363,8.888741077578322
200,10,50,63,0.3165829145728643,6.273872728569747
200,10,50,64,0.32160804020100503,6.5070044094382995
200,10,50,65,0.32663316582914576,5.9553021277325175
200,10,50,66,0.3316582914572864,12.782973865055178
200,10,50,67,0.33668341708542715,7.900128546417476
200,10,50,68,0.3417085427135678,7.547807349398109
200,10,50,69,0.34673366834170855,8.494568038417372
200,10,50,70,0.35175879396984927,8.179332732316968
200,10,50,71,0.35678391959798994,13.059836248649681
200,10,50,72,0.36180904522613067,13.984215494644989
200,10,50,73,0.36683417085427134,13.159461181124954
200,10,50,74,0.37185929648241206,5.150593096367162
200,10,50,75,0.3768844221105528,5.846490697407347
200,10,50,76,0.38190954773869346,10.138873365265871
200,10,50,77,0.3869346733668342,9.0247307909008
200,10,50,78,0.3919597989949749,4.859773202333784
200,10,50,79,0.3969849246231156,4.526547779316431
200,10,50,80,0.4020100502512563,8.542523436945146
200,10,50,81,0.40703517587939697,9.704978157360998
200,10,50,82,0.4120603015075377,11.949171400201294
200,10,50,83,0.4170854271356784,6.80698683450893
200,10,50,84,0.4221105527638191,8.360791299267905
200,10,50,85,0.4271356783919598,9.31795483665287
200,10,50,86,0.4321608040201005,6.290188955947947
200,10,50,87,0.4371859296482412,4.184697471485433
200,10,50,88,0.44221105527638194,5.527978426594549
200,10,50,89,0.4472361809045226,5.500187161763655
200,10,50,90,0.45226130653266333,3.7149844354516186
200,10,50,91,0.457286432160804,6.935764031502541
200,10,50,92,0.4623115577889447,7.783756366025429
200,10,50,93,0.46733668341708545,8.525882623176232
200,10,50,94,0.4723618090452261,11.06218891169883
200,10,50,95,0.47738693467336685,5.752731348846451
200,10,50,96,0.4824120603015075,4.0959874058026395
200,10,50,97,0.48743718592964824,6.0279251767584245
200,10,50,98,0.49246231155778897,1.2299852045043542
200,10,50,99,0.49748743718592964,8.300229520848912
200,10,50,100,0.5025125628140703,11.715914305976243
200,10,50,101,0.507537688442211,7.985879405179408
200,10,50,102,0.5125628140703518,8.851412306505372
200,10,50,103,0.5175879396984925,1.927751508161429
200,10,50,104,0.5226130653266332,10.929083190337966
200,10,50,105,0.5276381909547738,4.624692598693898
200,10,50,106,0.5326633165829145,11.411909817632008
200,10,50,107,0.5376884422110553,4.802325954964738
200,10,50,108,0.542713567839196,10.886188879240773
200,10,50,109,0.5477386934673367,8.520930135283514
200,10,50,110,0.5527638190954774,13.874425168928665
200,10,50,111,0.5577889447236181,2.5679129960891878
200,10,50,112,0.5628140703517588,23.605675820798098
200,10,50,113,0.5678391959798995,17.227203876407806
200,10,50,114,0.5728643216080402,12.353167989563328
200,10,50,115,0.577889447236181,3.5799281558892937
200,10,50,116,0.5829145728643216,0.2756727486178445
200,10,50,117,0.5879396984924623,7.272931353628898
200,10,50,118,0.592964824120603,4.175280949244249
200,10,50,119,0.5979899497487438,1.4053060254400982
200,10,50,120,0.6030150753768845,17.210720681161934
200,10,50,121,0.6080402010050251,4.2589040447408015
200,10,50,122,0.6130653266331658,7.604081131076656
200,10,50,123,0.6180904522613065,12.005473049760445
200,10,50,124,0.6231155778894473,5.37017623066256
200,10,50,125,0.628140703517588,6.27798187212104
200,10,50,126,0.6331658291457286,12.92110499754289
200,10,50,127,0.6381909547738693,6.787868999529461
200,10,50,128,0.6432160804020101,4.678194844292653
200,10,50,129,0.6482412060301508,4.515658998199423
200,10,50,130,0.6532663316582915,5.106750636525898
200,10,50,131,0.6582914572864321,6.456996428637912
200,10,50,132,0.6633165829145728,4.41708294057886
200,10,50,133,0.6683417085427136,2.791978429143111
200,10,50,134,0.6733668341708543,10.55267263407085
200,10,50,135,0.678391959798995,4.180363685493248
200,10,50,136,0.6834170854271356,3.0017118068967
200,10,50,137,0.6884422110552764,9.911225129550084
200,10,50,138,0.6934673366834171,18.027363811602296
200,10,50,139,0.6984924623115578,7.348444333855155
200,10,50,140,0.7035175879396985,9.707110621093008
200,10,50,141,0.7085427135678392,2.2898360351816023
200,10,50,142,0.7135678391959799,16.585487302866355
200,10,50,143,0.7185929648241206,4.480122287252042
200,10,50,144,0.7236180904522613,14.623456559649872
200,10,50,145,0.7286432160804021,0.7211588802888423
200,10,50,146,0.7336683417085427,10.793971579497857
200,10,50,147,0.7386934673366834,1.9287120419410801
200,10,50,148,0.7437185929648241,4.8603903068217305
200,10,50,149,0.7487437185929648,6.247422564603178
200,10,50,150,0.7537688442211056,7.2469603961857505
200,10,50,151,0.7587939698492463,10.859069321847336
200,10,50,152,0.7638190954773869,10.40792996778222
200,10,50,153,0.7688442211055276,4.402077903489791
200,10,50,154,0.7738693467336684,5.290490998474941
200,10,50,155,0.7788944723618091,8.654244201448865
200,10,50,156,0.7839195979899498,12.831870716444874
200,10,50,157,0.7889447236180904,8.955398294271994
200,10,50,158,0.7939698492462312,12.447858759802855
200,10,50,159,0.7989949748743719,18.385134899065395
200,10,50,160,0.8040201005025126,8.539391198527682
200,10,50,161,0.8090452261306533,8.488385944815594
200,10,50,162,0.8140703517587939,10.01046070260337
200,10,50,163,0.8190954773869347,4.309774753056647
200,10,50,164,0.8241206030150754,10.34607684255862
200,10,50,165,0.8291457286432161,5.802627264932723
200,10,50,166,0.8341708542713568,6.4941635008251675
200,10,50,167,0.8391959798994975,4.4352956767729435
200,10,50,168,0.8442211055276382,1.2494567303863264
200,10,50,169,0.8492462311557789,5.9689112879105375
200,10,50,170,0.8542713567839196,12.094720119617216
200,10,50,171,0.8592964824120604,6.769028307759939
200,10,50,172,0.864321608040201,16.079348464093123
200,10,50,173,0.8693467336683417,8.28638947824876
200,10,50,174,0.8743718592964824,7.157653308613404
200,10,50,175,0.8793969849246231,1.919337933949916
200,10,50,176,0.8844221105527639,9.382654512065983
200,10,50,177,0.8894472361809045,8.244495432168778
200,10,50,178,0.8944723618090452,1.55554852916327
200,10,50,179,0.8994974874371859,4.689808565008164
200,10,50,180,0.9045226130653267,5.043370911225454
200,10,50,181,0.9095477386934674,4.390898476827403
200,10,50,182,0.914572864321608,5.550461013763186
200,10,50,183,0.9195979899497487,6.140228793391996
200,10,50,184,0.9246231155778895,10.505134401655463
200,10,50,185,0.9296482412060302,10.268458863802605
200,10,50,186,0.9346733668341709,15.786939516029902
200,10,50,187,0.9396984924623115,12.676238205297711
200,10,50,188,0.9447236180904522,7.210041203505925
200,10,50,189,0.949748743718593,5.793188364942396
200,10,50,190,0.9547738693467337,3.8341203230556555
200,10,50,191,0.9597989949748744,13.736220604545053
200,10,50,192,0.964824120603015,3.4821180104687532
200,10,50,193,0.9698492462311558,15.060115047914174
200,10,50,194,0.9748743718592965,6.750661199380763
200,10,50,195,0.9798994974874372,5.015117496724774
200,10,50,196,0.9849246231155779,3.5167101109959664
200,10,50,197,0.9899497487437187,4.677431869821149
200,10,50,198,0.9949748743718593,11.395281004099331
200,10,50,199,1.0,1.666783347561493
200,10,100,0,0.0,
200,10,100,1,0.005025125628140704,0.16675775580329388
200,10,100,2,0.010050251256281407,0.36287660457415155
200,10,100,3,0.01507537688442211,0.5775183502739141
200,10,100,4,0.020100502512562814,0.7860870173232275
200,10,100,5,0.02512562814070352,1.0453485055572267
200,10,100,6,0.03015075376884422,1.3368959392629882
200,10,100,7,0.035175879396984924,1.5992186210326245
200,10,100,8,0.04020100502512563,1.9376679715102127
200,10,100,9,0.04522613065326633,2.2729841202514858
200,10,100,10,0.05025125628140704,2.5822478856045854
200,10,100,11,0.05527638190954774,2.928794613834982
200,10,100,12,0.06030150753768844,3.197113456335925
200,10,100,13,0.06532663316582915,3.7372607318762903
200,10,100,14,0.07035175879396985,3.9105006634906188
200,10,100,15,0.07537688442211056,4.402824655179675
200,10,100,16,0.08040201005025126,4.712038286031438
200,10,100,17,0.08542713567839195,5.098468061269145
200,10,100,18,0.09045226130653267,5.608332249673553
200,10,100,19,0.09547738693467336,5.627479505439469
200,10,100,20,0.10050251256281408,6.010389185246088
200,10,100,21,0.10552763819095477,5.915881062945074
200,10,100,22,0.11055276381909548,6.671201108495663
200,10,100,23,0.11557788944723618,7.885666811907846
200,10,100,24,0.12060301507537688,6.471891517055348
200,10,100,25,0.12562814070351758,6.832096528725708
200,10,100,26,0.1306532663316583,7.0107074106291165
200,10,100,27,0.135678391959799,8.564907530987169
200,10,100,28,0.1407035175879397,8.727522344609762
200,10,100,29,0.1457286432160804,6.645805453410015
200,10,100,30,0.15075376884422112,6.521147902535312
200,10,100,31,0.15577889447236182,7.123936790352403
200,10,100,32,0.16080402010050251,8.330853575659404
200,10,100,33,0.1658291457286432,9.29640915887334
200,10,100,34,0.1708542713567839,7.202397181990291
200,10,100,35,0.17587939698492464,7.98778186896744
200,10,100,36,0.18090452261306533,6.92313725334386
200,10,100,37,0.18592964824120603,4.526843655853894
200,10,100,38,0.19095477386934673,6.511150393048986
200,10,100,39,0.19597989949748745,7.147020743052914
200,10,100,40,0.20100502512562815,10.043120863769428
200,10,100,41,0.20603015075376885,6.2111686149461
200,10,100,42,0.21105527638190955,7.754162352448981
200,10,100,43,0.21608040201005024,6.381368338004007
200,10,100,44,0.22110552763819097,6.3240856736585265
200,10,100,45,0.22613065326633167,6.631631888403945
200,10,100,46,0.23115577889447236,5.490709768686247
200,10,100,47,0.23618090452261306,6.977652833232878
200,10,100,48,0.24120603015075376,4.608267091941873
200,10,100,49,0.24623115577889448,7.54314950481268
200,10,100,50,0.25125628140703515,9.543392838508872
200,10,100,51,0.2562814070351759,11.3586763917034
200,10,100,52,0.2613065326633166,8.873207928360058
200,10,100,53,0.2663316582914573,6.899557105972021
200,10,100,54,0.271356783919598,7.428661919751402
200,10,100,55,0.2763819095477387,9.29448774112991
200,10,100,56,0.2814070351758794,3.016981916069148
200,10,100,57,0.2864321608040201,7.0768720452407665
200,10,100,58,0.2914572864321608,6.526405567771847
200,10,100,59,0.2964824120603015,5.1301936196614015
200,10,100,60,0.30150753768844224,5.9444006717064415
200,10,100,61,0.3065326633165829,2.6114958275827114
200,10,100,62,0.31155778894472363,6.5320598535780325
200,10,100,63,0.3165829145728643,6.007953897096879
200,10,100,64,0.32160804020100503,5.656297062493012
200,10,100,65,0.32663316582914576,7.643553292677474
200,10,100,66,0.3316582914572864,6.406499768391436
200,10,100,67,0.33668341708542715,8.91731218890564
200,10,100,68,0.3417085427135678,11.378682690789805
200,10,100,69,0.34673366834170855,4.179570195953935
200,10,100,70,0.35175879396984927,3.8676636030758886
200,10,100,71,0.35678391959798994,5.785999681304159
200,10,100,72,0.36180904522613067,6.699072342549893
200,10,100,73,0.36683417085427134,6.499710639605493
200,10,100,74,0.37185929648241206,10.048237637668649
200,10,100,75,0.3768844221105528,5.974562497423456
200,10,100,76,0.38190954773869346,5.001993580452464
200,10,100,77,0.3869346733668342,6.443428009965483
200,10,100,78,0.3919597989949749,7.74341387023316
200,10,100,79,0.3969849246231156,10.098050094559436
200,10,100,80,0.4020100502512563,6.467372382682474
200,10,100,81,0.40703517587939697,16.023637429959205
200,10,100,82,0.4120603015075377,4.68961106396364
200,10,100,83,0.4170854271356784,7.206914182180403
200,10,100,84,0.4221105527638191,7.447077368969767
200,10,100,85,0.4271356783919598,8.406650717260215
200,10,100,86,0.4321608040201005,9.834916185928625
200,10,100,87,0.4371859296482412,5.661610309740743
200,10,100,88,0.44221105527638194,12.764742222013272
200,10,100,89,0.4472361809045226,4.453638220774657
200,10,100,90,0.45226130653266333,8.370013628439844
200,10,100,91,0.457286432160804,5.227336425617222
200,10,100,92,0.4623115577889447,9.07182225304255
200,10,100,93,0.46733668341708545,10.23864139585729
200,10,100,94,0.4723618090452261,6.240155118937094
200,10,100,95,0.47738693467336685,8.201864184873088
200,10,100,96,0.4824120603015075,8.960341539428876
200,10,100,97,0.48743718592964824,9.38691076024778
200,10,100,98,0.49246231155778897,6.800468570883929
200,10,100,99,0.49748743718592964,10.669072071492394
200,10,100,100,0.5025125628140703,6.199646845008565
200,10,100,101,0.507537688442211,4.346348463990847
200,10,100,102,0.5125628140703518,7.129951528601176
200,10,100,103,0.5175879396984925,4.8345092620905685
200,10,100,104,0.5226130653266332,16.354459056558873
200,10,100,105,0.5276381909547738,8.898562360636474
200,10,100,106,0.5326633165829145,7.3701329772026405
200,10,100,107,0.5376884422110553,8.843666895365144
200,10,100,108,0.542713567839196,4.534662295543431
200,10,100,109,0.5477386934673367,4.560809874981982
200,10,100,110,0.5527638190954774,6.2036164172404975
200,10,100,111,0.5577889447236181,8.611446122421455
200,10,100,112,0.5628140703517588,9.284516623326983
200,10,100,113,0.5678391959798995,6.323146252621607
200,10,100,114,0.5728643216080402,5.250836948758928
200,10,100,115,0.577889447236181,13.56662593533641
200,10,100,116,0.5829145728643216,7.297219063036548
200,10,100,117,0.5879396984924623,10.634949547335562
200,10,100,118,0.592964824120603,14.867962314577458
200,10,100,119,0.5979899497487438,6.227196539226693
200,10,100,120,0.6030150753768845,2.423422953572685
200,10,100,121,0.6080402010050251,12.604668303045514
200,10,100,122,0.6130653266331658,7.865750350710659
200,10,100,123,0.6180904522613065,3.9370151630664076
200,10,100,124,0.6231155778894473,6.629358683115804
200,10,100,125,0.628140703517588,6.852325345399927
200,10,100,126,0.6331658291457286,1.8359428278179875
200,10,100,127,0.6381909547738693,5.7484894447119865
200,10,100,128,0.6432160804020101,3.8236535488334855
200,10,100,129,0.6482412060301508,3.9058210221660854
200,10,100,130,0.6532663316582915,14.125581794274284
200,10,100,131,0.6582914572864321,6.494571661885808
200,10,100,132,0.6633165829145728,14.754973503117215
200,10,100,133,0.6683417085427136,9.975642894449953
200,10,100,134,0.6733668341708543,7.7184732659089255
200,10,100,135,0.678391959798995,6.0027118229513645
200,10,100,136,0.6834170854271356,6.054045132339735
200,10,100,137,0.6884422110552764,0.17531096045348338
200,10,100,138,0.6934673366834171,5.955931747700255
200,10,100,139,0.6984924623115578,4.229306639471114
200,10,100,140,0.7035175879396985,12.726281380759964
200,10,100,141,0.7085427135678392,18.233772776937485
200,10,100,142,0.7135678391959799,8.203245306026231
200,10,100,143,0.7185929648241206,12.519902974352444
200,10,100,144,0.7236180904522613,12.820128763587077
200,10,100,145,0.7286432160804021,4.559758490157528
200,10,100,146,0.7336683417085427,5.429584678616688
200,10,100,147,0.7386934673366834,4.144401687688646
200,10,100,148,0.7437185929648241,4.499796769500184
200,10,100,149,0.7487437185929648,7.435131178050727
200,10,100,150,0.7537688442211056,9.101990345269327
200,10,100,151,0.7587939698492463,2.451032599905868
200,10,100,152,0.7638190954773869,6.705272037393501
200,10,100,153,0.7688442211055276,3.3271931072081777
200,10,100,154,0.7738693467336684,7.260934788650399
200,10,100,155,0.7788944723618091,10.417992563436973
200,10,100,156,0.7839195979899498,5.590631297551289
200,10,100,157,0.7889447236180904,8.112360176745712
200,10,100,158,0.7939698492462312,8.26050484865931
200,10,100,159,0.7989949748743719,6.45224997526045
200,10,100,160,0.8040201005025126,3.469975901472814
200,10,100,161,0.8090452261306533,5.261465256882237
200,10,100,162,0.8140703517587939,10.309045701054172
200,10,100,163,0.8190954773869347,12.26995126388239
200,10,100,164,0.8241206030150754,6.158328754689338
200,10,100,165,0.8291457286432161,4.413373346082935
200,10,100,166,0.8341708542713568,11.069564458590035
200,10,100,167,0.8391959798994975,13.853030564539637
200,10,100,168,0.8442211055276382,4.5589833951289105
200,10,100,169,0.8492462311557789,13.145142640216575
200,10,100,170,0.8542713567839196,8.310716208950007
200,10,100,171,0.8592964824120604,5.3997147023599235
200,10,100,172,0.864321608040201,4.72261395388299
200,10,100,173,0.8693467336683417,8.641518017701873
200,10,100,174,0.8743718592964824,5.616459068418549
200,10,100,175,0.8793969849246231,7.982669495855825
200,10,100,176,0.8844221105527639,9.225303792662856
200,10,100,177,0.8894472361809045,9.47342669027134
200,10,100,178,0.8944723618090452,10.156074682136026
200,10,100,179,0.8994974874371859,4.696483623182863
200,10,100,180,0.9045226130653267,6.603789424241927
200,10,100,181,0.9095477386934674,6.933229218400251
200,10,100,182,0.914572864321608,9.255310736177217
200,10,100,183,0.9195979899497487,6.212112550943987
200,10,100,184,0.9246231155778895,2.160599654831562
200,10,100,185,0.9296482412060302,15.243433792834903
200,10,100,186,0.9346733668341709,6.476734631518588
200,10,100,187,0.9396984924623115,8.693606277556224
200,10,100,188,0.9447236180904522,5.037423250927831
200,10,100,189,0.949748743718593,10.50365352764616
200,10,100,190,0.9547738693467337,5.6768736405383216
200,10,100,191,0.9597989949748744,4.309628605676139
200,10,100,192,0.964824120603015,9.662342928072885
200,10,100,193,0.9698492462311558,4.839732297907125
200,10,100,194,0.9748743718592965,8.30358159944818
200,10,100,195,0.9798994974874372,4.140684334489407
200,10,100,196,0.9849246231155779,12.963242901922316
200,10,100,197,0.9899497487437187,7.695662122169735
200,10,100,198,0.9949748743718593,5.235605945194434
200,10,100,199,1.0,3.464400564905417
200,10,200,0,0.0,
200,10,200,1,0.005025125628140704,0.16675775580329388
200,10,200,2,0.010050251256281407,0.3589936900574481
200,10,200,3,0.01507537688442211,0.5595993376443086
200,10,200,4,0.020100502512562814,0.7860870173232275
200,10,200,5,0.02512562814070352,1.0453485055572267
200,10,200,6,0.03015075376884422,1.3105921061994903
200,10,200,7,0.035175879396984924,1.6100317855866777
200,10,200,8,0.04020100502512563,1.8846878416472603
200,10,200,9,0.04522613065326633,2.2449800966276006
200,10,200,10,0.05025125628140704,2.685298235766483
200,10,200,11,0.05527638190954774,2.902855192464625
200,10,200,12,0.06030150753768844,3.324709216797909
200,10,200,13,0.06532663316582915,3.4875877373607587
200,10,200,14,0.07035175879396985,3.984370468429754
200,10,200,15,0.07537688442211056,4.373298279003979
200,10,200,16,0.08040201005025126,4.8382356795379255
200,10,200,17,0.08542713567839195,4.778043366475318
200,10,200,18,0.09045226130653267,5.187110191004635
200,10,200,19,0.09547738693467336,5.496122446225339
200,10,200,20,0.10050251256281408,6.114220468201435
200,10,200,21,0.10552763819095477,6.585035648792131
200,10,200,22,0.11055276381909548,6.655411623335433
200,10,200,23,0.11557788944723618,7.249172107576073
200,10,200,24,0.12060301507537688,7.300321179401515
200,10,200,25,0.12562814070351758,6.360022432300701
200,10,200,26,0.1306532663316583,7.02994307258602
200,10,200,27,0.135678391959799,7.7367610922765175
200,10,200,28,0.1407035175879397,7.544683818462591
200,10,200,29,0.1457286432160804,9.079522337728477
200,10,200,30,0.15075376884422112,6.332006461409013
200,10,200,31,0.15577889447236182,7.10349665307946
200,10,200,32,0.16080402010050251,6.520500559591676
200,10,200,33,0.1658291457286432,6.32053793712315
200,10,200,34,0.1708542713567839,9.215946077383428
200,10,200,35,0.17587939698492464,12.272026070210114
200,10,200,36,0.18090452261306533,8.4876322851639
200,10,200,37,0.18592964824120603,6.800472200546242
200,10,200,38,0.19095477386934673,6.8722328974730225
200,10,200,39,0.19597989949748745,7.561734398967348
200,10,200,40,0.20100502512562815,6.677580427934711
200,10,200,41,0.20603015075376885,7.487254676966763
200,10,200,42,0.21105527638190955,8.633146912751457
200,10,200,43,0.21608040201005024,6.932607320083251
200,10,200,44,0.22110552763819097,7.632131819107139
200,10,200,45,0.22613065326633167,5.621508489437657
200,10,200,46,0.23115577889447236,6.1018353285986535
200,10,200,47,0.23618090452261306,9.543755804668885
200,10,200,48,0.24120603015075376,6.496228228778166
200,10,200,49,0.24623115577889448,7.479535115795728
200,10,200,50,0.25125628140703515,5.334692303977579
200,10,200,51,0.2562814070351759,5.245955926547764
200,10,200,52,0.2613065326633166,11.932398921281926
200,10,200,53,0.2663316582914573,11.383873925379898
200,10,200,54,0.271356783919598,7.865003649963134
200,10,200,55,0.2763819095477387,14.760289447640474
200,10,200,56,0.2814070351758794,10.557555823313262
200,10,200,57,0.2864321608040201,9.934135715154989
200,10,200,58,0.2914572864321608,5.424302470615544
200,10,200,59,0.2964824120603015,8.669397105106576
200,10,200,60,0.30150753768844224,9.275741419886238
200,10,200,61,0.3065326633165829,6.806302575092626
200,10,200,62,0.31155778894472363,11.300268136864876
200,10,200,63,0.3165829145728643,6.951750945699469
200,10,200,64,0.32160804020100503,5.292512894843639
200,10,200,65,0.32663316582914576,6.056034808015971
200,10,200,66,0.3316582914572864,7.0610277279663975
200,10,200,67,0.33668341708542715,10.420756304577923
200,10,200,68,0.3417085427135678,7.512392729796389
200,10,200,69,0.34673366834170855,9.069514653429614
200,10,200,70,0.35175879396984927,9.956605990117163
200,10,200,71,0.35678391959798994,6.398497235417604
200,10,200,72,0.36180904522613067,5.113283729408731
200,10,200,73,0.36683417085427134,5.45784699091603
200,10,200,74,0.37185929648241206,8.704068109016221
200,10,200,75,0.3768844221105528,4.114316504687443
200,10,200,76,0.38190954773869346,5.003574848093002
200,10,200,77,0.3869346733668342,4.508661393230043
200,10,200,78,0.3919597989949749,7.497335585442445
200,10,200,79,0.3969849246231156,7.684631249845571
200,10,200,80,0.4020100502512563,6.973760756523687
200,10,200,81,0.40703517587939697,6.065038837918412
200,10,200,82,0.4120603015075377,8.008244043017015
200,10,200,83,0.4170854271356784,8.5923203558803
200,10,200,84,0.4221105527638191,7.699383044039171
200,10,200,85,0.4271356783919598,10.950928415762103
200,10,200,86,0.4321608040201005,6.23944743446556
200,10,200,87,0.4371859296482412,9.019881954478763
200,10,200,88,0.44221105527638194,10.163280843449245
200,10,200,89,0.4472361809045226,8.585563107812247
200,10,200,90,0.45226130653266333,11.399409040271836
200,10,200,91,0.457286432160804,7.429303192377409
200,10,200,92,0.4623115577889447,8.366389289851211
200,10,200,93,0.46733668341708545,8.438245048812574
200,10,200,94,0.4723618090452261,3.433251718508746
200,10,200,95,0.47738693467336685,7.162967641571618
200,10,200,96,0.4824120603015075,8.695374232806113
200,10,200,97,0.48743718592964824,11.400608641059527
200,10,200,98,0.49246231155778897,3.2425887077796993
200,10,200,99,0.49748743718592964,3.831367291030549
200,10,200,100,0.5025125628140703,5.557693178283974
200,10,200,101,0.507537688442211,5.374461739046706
200,10,200,102,0.5125628140703518,9.596181008001148
200,10,200,103,0.5175879396984925,4.664693630798263
200,10,200,104,0.5226130653266332,6.2315134769947145
200,10,200,105,0.5276381909547738,10.297184080322383
200,10,200,106,0.5326633165829145,3.865622371030188
200,10,200,107,0.5376884422110553,8.537384463148133
200,10,200,108,0.542713567839196,6.446001217367228
200,10,200,109,0.5477386934673367,4.140764525816685
200,10,200,110,0.5527638190954774,7.111517031927129
200,10,200,111,0.5577889447236181,7.050252198179872
200,10,200,112,0.5628140703517588,9.74094505800506
200,10,200,113,0.5678391959798995,13.50645146759534
200,10,200,114,0.5728643216080402,9.533862043714272
200,10,200,115,0.577889447236181,8.792973359307064
200,10,200,116,0.5829145728643216,6.932562424821157
200,10,200,117,0.5879396984924623,12.488463902645762
200,10,200,118,0.592964824120603,6.853994379924174
200,10,200,119,0.5979899497487438,3.505981111608326
200,10,200,120,0.6030150753768845,7.698126319673184
200,10,200,121,0.6080402010050251,8.589438826463262
200,10,200,122,0.6130653266331658,7.005991380369373
200,10,200,123,0.6180904522613065,5.7319574424452515
200,10,200,124,0.6231155778894473,4.624392812875506
200,10,200,125,0.628140703517588,7.511306995153495
200,10,200,126,0.6331658291457286,9.67929015591433
200,10,200,127,0.6381909547738693,8.733465272898483
200,10,200,128,0.6432160804020101,14.471234423448816
200,10,200,129,0.6482412060301508,8.215926064008793
200,10,200,130,0.6532663316582915,9.93274260593196
200,10,200,131,0.6582914572864321,4.218258976566754
200,10,200,132,0.6633165829145728,11.97625655137584
200,10,200,133,0.6683417085427136,7.864299087718642
200,10,200,134,0.6733668341708543,9.201083849764368
200,10,200,135,0.678391959798995,4.380760378045412
200,10,200,136,0.6834170854271356,5.647960626471141
200,10,200,137,0.6884422110552764,8.696195620518115
200,10,200,138,0.6934673366834171,12.481310672472455
200,10,200,139,0.6984924623115578,3.807212071888454
200,10,200,140,0.7035175879396985,13.782710855976093
200,10,200,141,0.7085427135678392,9.94612053716304
200,10,200,142,0.7135678391959799,6.605806589856547
200,10,200,143,0.7185929648241206,13.606495506336612
200,10,200,144,0.7236180904522613,8.510396382848004
200,10,200,145,0.7286432160804021,8.381180479180946
200,10,200,146,0.7336683417085427,2.268676708112098
200,10,200,147,0.7386934673366834,10.95710742362384
200,10,200,148,0.7437185929648241,8.52189563646288
200,10,200,149,0.7487437185929648,4.787068428260135
200,10,200,150,0.7537688442211056,7.490157646129823
200,10,200,151,0.7587939698492463,6.822847284445614
200,10,200,152,0.7638190954773869,2.7924380136666267
200,10,200,153,0.7688442211055276,3.942803439529598
200,10,200,154,0.7738693467336684,11.47178277687391
200,10,200,155,0.7788944723618091,5.121743885788244
200,10,200,156,0.7839195979899498,6.078242268368531
200,10,200,157,0.7889447236180904,6.859423550140011
200,10,200,158,0.7939698492462312,8.379685934946965
200,10,200,159,0.7989949748743719,7.836273362616373
200,10,200,160,0.8040201005025126,12.62354092422038
200,10,200,161,0.8090452261306533,16.428932244362933
200,10,200,162,0.8140703517587939,6.113250107283483
200,10,200,163,0.8190954773869347,14.113057068554214
200,10,200,164,0.8241206030150754,10.794530598206197
200,10,200,165,0.8291457286432161,8.046426046608433
200,10,200,166,0.8341708542713568,10.822712093722004
200,10,200,167,0.8391959798994975,3.5769845541047363
200,10,200,168,0.8442211055276382,0.9191022655936101
200,10,200,169,0.8492462311557789,6.488814813990694
200,10,200,170,0.8542713567839196,7.583161193093405
200,10,200,171,0.8592964824120604,10.851831078177165
200,10,200,172,0.864321608040201,5.95179854072973
200,10,200,173,0.8693467336683417,9.340087735542904
200,10,200,174,0.8743718592964824,1.9795685396895837
200,10,200,175,0.8793969849246231,6.239000857396084
200,10,200,176,0.8844221105527639,7.334438106860868
200,10,200,177,0.8894472361809045,8.31604432483075
200,10,200,178,0.8944723618090452,9.130829336329011
200,10,200,179,0.8994974874371859,3.3398453448555343
200,10,200,180,0.9045226130653267,7.051226791020993
200,10,200,181,0.9095477386934674,8.313479723075451
200,10,200,182,0.914572864321608,17.065070347860342
200,10,200,183,0.9195979899497487,5.742420402045469
200,10,200,184,0.9246231155778895,5.736340697703305
200,10,200,185,0.9296482412060302,2.3733745464840736
200,10,200,186,0.9346733668341709,17.45152583008903
200,10,200,187,0.9396984924623115,10.417976514425948
200,10,200,188,0.9447236180904522,4.220602018835097
200,10,200,189,0.949748743718593,12.45443114390612
200,10,200,190,0.9547738693467337,9.841517179369385
200,10,200,191,0.9597989949748744,7.670268520720722
200,10,200,192,0.964824120603015,9.884723796584003
200,10,200,193,0.9698492462311558,5.366599036006228
200,10,200,194,0.9748743718592965,8.622563986132596
200,10,200,195,0.9798994974874372,5.31540954053843
200,10,200,196,0.9849246231155779,6.082598860641803
200,10,200,197,0.9899497487437187,5.691676486114382
200,10,200,198,0.9949748743718593,1.7115951520382136
200,10,200,199,1.0,6.486663693794049
200,10,400,0,0.0,
200,10,400,1,0.005025125628140704,0.174769222479203
200,10,400,2,0.010050251256281407,0.36070642848748874
200,10,400,3,0.01507537688442211,0.5688074660422422
200,10,400,4,0.020100502512562814,0.797203540208566
200,10,400,5,0.02512562814070352,1.0320493315122894
200,10,400,6,0.03015075376884422,1.3219512494862473
200,10,400,7,0.035175879396984924,1.5921705940299877
200,10,400,8,0.04020100502512563,1.9098886468755778
200,10,400,9,0.04522613065326633,2.2305579634935904
200,10,400,10,0.05025125628140704,2.6745307565202205
200,10,400,11,0.05527638190954774,2.9436885912663753
200,10,400,12,0.06030150753768844,3.196859356634917
200,10,400,13,0.06532663316582915,3.827050035325932
200,10,400,14,0.07035175879396985,4.16434301133846
200,10,400,15,0.07537688442211056,4.497615270666033
200,10,400,16,0.08040201005025126,4.744899220416109
200,10,400,17,0.08542713567839195,5.454500094272674
200,10,400,18,0.09045226130653267,5.4482749336870375
200,10,400,19,0.09547738693467336,5.9278404866453265
200,10,400,20,0.10050251256281408,5.90364895947398
200,10,400,21,0.10552763819095477,6.435692249974163
200,10,400,22,0.11055276381909548,6.4634704381701535
200,10,400,23,0.11557788944723618,6.6254254121414595
200,10,400,24,0.12060301507537688,6.701888229609394
200,10,400,25,0.12562814070351758,7.160803882980197
200,10,400,26,0.1306532663316583,7.933904871708738
200,10,400,27,0.135678391959799,6.6955381618130385
200,10,400,28,0.1407035175879397,7.548368768773547
200,10,400,29,0.1457286432160804,8.107906050511263
200,10,400,30,0.15075376884422112,6.822761644456
200,10,400,31,0.15577889447236182,6.575144709385475
200,10,400,32,0.16080402010050251,7.159337371844545
200,10,400,33,0.1658291457286432,6.857988613499301
200,10,400,34,0.1708542713567839,9.1154086826617
200,10,400,35,0.17587939698492464,6.219711640460227
200,10,400,36,0.18090452261306533,6.2973437166710085
200,10,400,37,0.18592964824120603,8.743950576572004
200,10,400,38,0.19095477386934673,7.608597135388436
200,10,400,39,0.19597989949748745,9.003766785032559
200,10,400,40,0.20100502512562815,9.321933561706073
200,10,400,41,0.20603015075376885,7.4709790168715156
200,10,400,42,0.21105527638190955,6.17066123547191
200,10,400,43,0.21608040201005024,6.3158051859395785
200,10,400,44,0.22110552763819097,4.994685864931955
200,10,400,45,0.22613065326633167,7.315466321040756
200,10,400,46,0.23115577889447236,8.563138133676864
200,10,400,47,0.23618090452261306,7.406610530910931
200,10,400,48,0.24120603015075376,4.655940378229132
200,10,400,49,0.24623115577889448,6.213526402727455
200,10,400,50,0.25125628140703515,6.237305632805308
200,10,400,51,0.2562814070351759,6.294256400745122
200,10,400,52,0.2613065326633166,10.469400506639234
200,10,400,53,0.2663316582914573,7.147739050010424
200,10,400,54,0.271356783919598,3.2151969144365786
200,10,400,55,0.2763819095477387,7.1427524465773065
200,10,400,56,0.2814070351758794,4.731191790046743
200,10,400,57,0.2864321608040201,7.800938341338128
200,10,400,58,0.2914572864321608,7.043905191432922
200,10,400,59,0.2964824120603015,6.677593279419629
200,10,400,60,0.30150753768844224,6.876843799569174
200,10,400,61,0.3065326633165829,8.518970585849534
200,10,400,62,0.31155778894472363,5.868856732101788
200,10,400,63,0.3165829145728643,9.046900638865656
200,10,400,64,0.32160804020100503,7.622229233277333
200,10,400,65,0.32663316582914576,8.70957384335775
200,10,400,66,0.3316582914572864,8.224961010220635
200,10,400,67,0.33668341708542715,9.977778564414725
200,10,400,68,0.3417085427135678,7.728879468636297
200,10,400,69,0.34673366834170855,8.748609269109716
200,10,400,70,0.35175879396984927,4.76974543776431
200,10,400,71,0.35678391959798994,7.522141749725407
200,10,400,72,0.36180904522613067,6.072800168059202
200,10,400,73,0.36683417085427134,8.256322608894932
200,10,400,74,0.37185929648241206,9.91052517676499
200,10,400,75,0.3768844221105528,9.427396723312969
200,10,400,76,0.38190954773869346,8.487273761330126
200,10,400,77,0.3869346733668342,6.313104618736715
200,10,400,78,0.3919597989949749,9.093458684636904
200,10,400,79,0.3969849246231156,6.987467285660048
200,10,400,80,0.4020100502512563,6.730950395100913
200,10,400,81,0.40703517587939697,8.637221644530115
200,10,400,82,0.4120603015075377,6.779471882305154
200,10,400,83,0.4170854271356784,6.793771905086057
200,10,400,84,0.4221105527638191,6.139317163831816
200,10,400,85,0.4271356783919598,5.069315326922237
200,10,400,86,0.4321608040201005,7.415254771091462
200,10,400,87,0.4371859296482412,5.914183843870805
200,10,400,88,0.44221105527638194,4.217621020968819
200,10,400,89,0.4472361809045226,8.49811417497245
200,10,400,90,0.45226130653266333,11.299510125168714
200,10,400,91,0.457286432160804,6.112432691334607
200,10,400,92,0.4623115577889447,8.317349255777668
200,10,400,93,0.46733668341708545,12.549376880483306
200,10,400,94,0.4723618090452261,5.005904232885967
200,10,400,95,0.47738693467336685,6.335398040340703
200,10,400,96,0.4824120603015075,5.915560844230793
200,10,400,97,0.48743718592964824,12.632497691307522
200,10,400,98,0.49246231155778897,8.265427795153863
200,10,400,99,0.49748743718592964,4.666336224894836
200,10,400,100,0.5025125628140703,7.260130869595857
200,10,400,101,0.507537688442211,3.5634002425190467
200,10,400,102,0.5125628140703518,4.391251740533704
200,10,400,103,0.5175879396984925,7.434976300469458
200,10,400,104,0.5226130653266332,6.83467320171524
200,10,400,105,0.5276381909547738,4.436234042983068
200,10,400,106,0.5326633165829145,6.184972532081718
200,10,400,107,0.5376884422110553,11.005927725624451
200,10,400,108,0.542713567839196,8.675770855151228
200,10,400,109,0.5477386934673367,15.054092209959377
200,10,400,110,0.5527638190954774,7.7312793228358405
200,10,400,111,0.5577889447236181,5.121249791212041
200,10,400,112,0.5628140703517588,7.19323875853267
200,10,400,113,0.5678391959798995,8.07604434905055
200,10,400,114,0.5728643216080402,12.834467528047941
200,10,400,115,0.577889447236181,8.247979941931687
200,10,400,116,0.5829145728643216,6.2114022767677985
200,10,400,117,0.5879396984924623,6.959135563234567
200,10,400,118,0.592964824120603,4.80900511661588
200,10,400,119,0.5979899497487438,12.054869523069115
200,10,400,120,0.6030150753768845,9.113442307193724
200,10,400,121,0.6080402010050251,8.21775862706179
200,10,400,122,0.6130653266331658,12.808709160685533
200,10,400,123,0.6180904522613065,6.133036973919281
200,10,400,124,0.6231155778894473,7.694009418931519
200,10,400,125,0.628140703517588,7.636724628815041
200,10,400,126,0.6331658291457286,3.8359856045751854
200,10,400,127,0.6381909547738693,3.182864195750069
200,10,400,128,0.6432160804020101,5.470445032713201
200,10,400,129,0.6482412060301508,6.334359537549674
200,10,400,130,0.6532663316582915,6.904054512534935
200,10,400,131,0.6582914572864321,6.676327001432462
200,10,400,132,0.6633165829145728,4.684034368697281
200,10,400,133,0.6683417085427136,7.317033527127918
200,10,400,134,0.6733668341708543,7.348673010964895
200,10,400,135,0.678391959798995,8.66788756841172
200,10,400,136,0.6834170854271356,6.728971077014607
200,10,400,137,0.6884422110552764,11.578106584002846
200,10,400,138,0.6934673366834171,13.213203215308313
200,10,400,139,0.6984924623115578,7.642627791765311
200,10,400,140,0.7035175879396985,14.52384681127541
200,10,400,141,0.7085427135678392,4.8730483198097785
200,10,400,142,0.7135678391959799,8.260902188197793
200,10,400,143,0.7185929648241206,5.686383388476023
200,10,400,144,0.7236180904522613,8.874197433402925
200,10,400,145,0.7286432160804021,7.567495585269188
200,10,400,146,0.7336683417085427,4.231194034595732
200,10,400,147,0.7386934673366834,4.851533257060532
200,10,400,148,0.7437185929648241,14.858710538110813
200,10,400,149,0.7487437185929648,9.971195129620035
200,10,400,150,0.7537688442211056,9.63925311371907
200,10,400,151,0.7587939698492463,10.761399777912553
200,10,400,152,0.7638190954773869,11.844031020918449
200,10,400,153,0.7688442211055276,10.822318524281002
200,10,400,154,0.7738693467336684,14.024851974727982
200,10,400,155,0.7788944723618091,7.042183448967814
200,10,400,156,0.7839195979899498,9.674895817965066
200,10,400,157,0.7889447236180904,6.235694482051031
200,10,400,158,0.7939698492462312,9.19124399221532
200,10,400,159,0.7989949748743719,4.553444406121461
200,10,400,160,0.8040201005025126,6.668322286685851
200,10,400,161,0.8090452261306533,17.192674924957007
200,10,400,162,0.8140703517587939,7.689209525599225
200,10,400,163,0.8190954773869347,3.9408767292637523
200,10,400,164,0.8241206030150754,8.432578878527863
200,10,400,165,0.8291457286432161,5.892301424283177
200,10,400,166,0.8341708542713568,5.487332290180327
200,10,400,167,0.8391959798994975,4.150505439978862
200,10,400,168,0.8442211055276382,3.5961330018615967
200,10,400,169,0.8492462311557789,8.095965007959114
200,10,400,170,0.8542713567839196,12.462360973313027
200,10,400,171,0.8592964824120604,9.13025417526098
200,10,400,172,0.864321608040201,10.203262582820932
200,10,400,173,0.8693467336683417,6.708838137753946
200,10,400,174,0.8743718592964824,4.077361303441081
200,10,400,175,0.8793969849246231,7.199421209687207
200,10,400,176,0.8844221105527639,5.998139022812873
200,10,400,177,0.8894472361809045,12.790737488995005
200,10,400,178,0.8944723618090452,7.740788784354137
200,10,400,179,0.8994974874371859,9.119087795537228
200,10,400,180,0.9045226130653267,11.58557244808848
200,10,400,181,0.9095477386934674,8.682715905753893
200,10,400,182,0.914572864321608,7.826807242756594
200,10,400,183,0.9195979899497487,7.062190514753016
200,10,400,184,0.9246231155778895,9.556486057844547
200,10,400,185,0.9296482412060302,10.59540421148375
200,10,400,186,0.9346733668341709,6.098350501732212
200,10,400,187,0.9396984924623115,6.0626067747582235
200,10,400,188,0.9447236180904522,9.178250019427761
200,10,400,189,0.949748743718593,5.367051567884512
200,10,400,190,0.9547738693467337,6.031232066998873
200,10,400,191,0.9597989949748744,3.77825495424214
200,10,400,192,0.964824120603015,8.05408126228632
200,10,400,193,0.9698492462311558,8.272540131239854
200,10,400,194,0.9748743718592965,6.283373484116827
200,10,400,195,0.9798994974874372,10.547536823948386
200,10,400,196,0.9849246231155779,8.514419452876092
200,10,400,197,0.9899497487437187,5.58092020001596
200,10,400,198,0.9949748743718593,10.696668750561352
200,10,400,199,1.0,8.343479063899682
200,10,800,0,0.0,
200,10,800,1,0.005025125628140704,0.16675775580329388
200,10,800,2,0.010050251256281407,0.36113785036061213
200,10,800,3,0.01507537688442211,0.5595993376443086
200,10,800,4,0.020100502512562814,0.7977764392946448
200,10,800,5,0.02512562814070352,1.0320493315122894
200,10,800,6,0.03015075376884422,1.3278370633725074
200,10,800,7,0.035175879396984924,1.609043488515839
200,10,800,8,0.04020100502512563,1.9314579621505623
200,10,800,9,0.04522613065326633,2.2470905968414727
200,10,800,10,0.05025125628140704,2.5695790086973482
200,10,800,11,0.05527638190954774,2.9870515634863293
200,10,800,12,0.06030150753768844,3.3455819495141634
200,10,800,13,0.06532663316582915,3.513363297671702
200,10,800,14,0.07035175879396985,4.044345565419119
200,10,800,15,0.07537688442211056,4.56147684833048
200,10,800,16,0.08040201005025126,4.702886595877929
200,10,800,17,0.08542713567839195,4.95715806822213
200,10,800,18,0.09045226130653267,5.578650115733262
200,10,800,19,0.09547738693467336,5.728328041960419
200,10,800,20,0.10050251256281408,6.498366564020359
200,10,800,21,0.10552763819095477,6.656920345320089
200,10,800,22,0.11055276381909548,6.610525150835146
200,10,800,23,0.11557788944723618,6.79018680732832
200,10,800,24,0.12060301507537688,7.444220584748028
200,10,800,25,0.12562814070351758,6.249507769928178
200,10,800,26,0.1306532663316583,6.316205634311154
200,10,800,27,0.135678391959799,7.7255173076576575
200,10,800,28,0.1407035175879397,6.333262809589231
200,10,800,29,0.1457286432160804,6.918697109675091
200,10,800,30,0.15075376884422112,5.854039095225153
200,10,800,31,0.15577889447236182,8.196450195993737
200,10,800,32,0.16080402010050251,6.424972705781659
200,10,800,33,0.1658291457286432,7.767539905262032
200,10,800,34,0.1708542713567839,5.861725516088399
200,10,800,35,0.17587939698492464,7.677039061711449
200,10,800,36,0.18090452261306533,8.891999749529038
200,10,800,37,0.18592964824120603,9.725168742204962
200,10,800,38,0.19095477386934673,6.640151270372799
200,10,800,39,0.19597989949748745,9.192111535910085
200,10,800,40,0.20100502512562815,6.807647790012829
200,10,800,41,0.20603015075376885,7.070378006462533
200,10,800,42,0.21105527638190955,11.275860060122007
200,10,800,43,0.21608040201005024,8.82539080163922
200,10,800,44,0.22110552763819097,9.968485555939548
200,10,800,45,0.22613065326633167,7.848876673265109
200,10,800,46,0.23115577889447236,7.5596136715340965
200,10,800,47,0.23618090452261306,7.008282801724655
200,10,800,48,0.24120603015075376,11.469256012548236
200,10,800,49,0.24623115577889448,11.08135530752527
200,10,800,50,0.25125628140703515,7.040163773121836
200,10,800,51,0.2562814070351759,10.527035908480165
200,10,800,52,0.2613065326633166,6.2714775444102795
200,10,800,53,0.2663316582914573,4.942627064587993
200,10,800,54,0.271356783919598,6.594527121491
200,10,800,55,0.2763819095477387,9.934985223900291
200,10,800,56,0.2814070351758794,5.691637648203312
200,10,800,57,0.2864321608040201,6.826030994971099
200,10,800,58,0.2914572864321608,6.732605719030818
200,10,800,59,0.2964824120603015,7.579472946904427
200,10,800,60,0.30150753768844224,11.796094020624942
200,10,800,61,0.3065326633165829,7.793976401606671
200,10,800,62,0.31155778894472363,8.783447455334175
200,10,800,63,0.3165829145728643,7.235908646600441
200,10,800,64,0.32160804020100503,8.174211595308666
200,10,800,65,0.32663316582914576,6.2288418474251035
200,10,800,66,0.3316582914572864,10.235690687889205
200,10,800,67,0.33668341708542715,7.366512684780104
200,10,800,68,0.3417085427135678,9.413645795641141
200,10,800,69,0.34673366834170855,12.84245632900297
200,10,800,70,0.35175879396984927,5.854655811730447
200,10,800,71,0.35678391959798994,7.0267219288372615
200,10,800,72,0.36180904522613067,10.134441372944927
200,10,800,73,0.36683417085427134,7.642653016143797
200,10,800,74,0.37185929648241206,6.7127142608045105
200,10,800,75,0.3768844221105528,7.0166265615955785
200,10,800,76,0.38190954773869346,6.830796332572892
200,10,800,77,0.3869346733668342,10.153057309262909
200,10,800,78,0.3919597989949749,6.750046848441074
200,10,800,79,0.3969849246231156,6.247947389605284
200,10,800,80,0.4020100502512563,5.729829445957477
200,10,800,81,0.40703517587939697,7.9659439804657834
200,10,800,82,0.4120603015075377,8.281564040767291
200,10,800,83,0.4170854271356784,10.792400960788246
200,10,800,84,0.4221105527638191,10.275131076383802
200,10,800,85,0.4271356783919598,4.162275218363775
200,10,800,86,0.4321608040201005,10.801868901059839
200,10,800,87,0.4371859296482412,10.555594447014485
200,10,800,88,0.44221105527638194,11.030775929783113
200,10,800,89,0.4472361809045226,5.124956733340256
200,10,800,90,0.45226130653266333,7.918132018010375
200,10,800,91,0.457286432160804,15.569035762732419
200,10,800,92,0.4623115577889447,10.818723405466686
200,10,800,93,0.46733668341708545,5.501176521014614
200,10,800,94,0.4723618090452261,11.222224807527132
200,10,800,95,0.47738693467336685,7.720318767933116
200,10,800,96,0.4824120603015075,6.828905308093748
200,10,800,97,0.48743718592964824,8.401201092286497
200,10,800,98,0.49246231155778897,9.165463843424632
200,10,800,99,0.49748743718592964,7.809439491227525
200,10,800,100,0.5025125628140703,9.804999445414092
200,10,800,101,0.507537688442211,5.295513135601479
200,10,800,102,0.5125628140703518,9.246701778282088
200,10,800,103,0.5175879396984925,8.39776924375505
200,10,800,104,0.5226130653266332,3.659746442826356
200,10,800,105,0.5276381909547738,2.9265653238428797
200,10,800,106,0.5326633165829145,8.239857654403009
200,10,800,107,0.5376884422110553,4.777815937528743
200,10,800,108,0.542713567839196,5.1747325015855274
200,10,800,109,0.5477386934673367,3.344530040073535
200,10,800,110,0.5527638190954774,8.347865539533554
200,10,800,111,0.5577889447236181,8.848172359732589
200,10,800,112,0.5628140703517588,7.706021508244105
200,10,800,113,0.5678391959798995,7.5824745575887835
200,10,800,114,0.5728643216080402,7.454696456184771
200,10,800,115,0.577889447236181,6.35905541291581
200,10,800,116,0.5829145728643216,4.252296166130831
200,10,800,117,0.5879396984924623,4.957661442899095
200,10,800,118,0.592964824120603,9.001766401525748
200,10,800,119,0.5979899497487438,9.498749115179715
200,10,800,120,0.6030150753768845,10.156440073852398
200,10,800,121,0.6080402010050251,5.285623743506604
200,10,800,122,0.6130653266331658,6.317496316223209
200,10,800,123,0.6180904522613065,5.200387316262045
200,10,800,124,0.6231155778894473,8.291139815960976
200,10,800,125,0.628140703517588,4.427507935950972
200,10,800,126,0.6331658291457286,10.164772407536377
200,10,800,127,0.6381909547738693,8.871999012651866
200,10,800,128,0.6432160804020101,3.6563863638724734
200,10,800,129,0.6482412060301508,9.204690499677216
200,10,800,130,0.6532663316582915,10.27752954546231
200,10,800,131,0.6582914572864321,5.326736394075395
200,10,800,132,0.6633165829145728,6.886796866972202
200,10,800,133,0.6683417085427136,6.329487648547174
200,10,800,134,0.6733668341708543,10.662303208085053
200,10,800,135,0.678391959798995,9.474052856554653
200,10,800,136,0.6834170854271356,6.864097101459506
200,10,800,137,0.6884422110552764,6.465671970508243
200,10,800,138,0.6934673366834171,8.667471360564871
200,10,800,139,0.6984924623115578,7.704416805654583
200,10,800,140,0.7035175879396985,10.676478280427238
200,10,800,141,0.7085427135678392,3.338510378236439
200,10,800,142,0.7135678391959799,9.43381802029101
200,10,800,143,0.7185929648241206,6.620518584812981
200,10,800,144,0.7236180904522613,12.434248020158126
200,10,800,145,0.7286432160804021,3.444896690238326
200,10,800,146,0.7336683417085427,6.733173604784801
200,10,800,147,0.7386934673366834,10.431663696814619
200,10,800,148,0.7437185929648241,7.286172789980146
200,10,800,149,0.7487437185929648,8.081797821659432
200,10,800,150,0.7537688442211056,3.684334686020564
200,10,800,151,0.7587939698492463,6.457412289949739
200,10,800,152,0.7638190954773869,6.0244560514319865
200,10,800,153,0.7688442211055276,7.596972658997085
200,10,800,154,0.7738693467336684,7.74429720289111
200,10,800,155,0.7788944723618091,8.521135813272155
200,10,800,156,0.7839195979899498,7.0019826467497595
200,10,800,157,0.7889447236180904,6.820841484343491
200,10,800,158,0.7939698492462312,5.226650067301155
200,10,800,159,0.7989949748743719,17.061164883217383
200,10,800,160,0.8040201005025126,11.043361667772713
200,10,800,161,0.8090452261306533,7.552722393782946
200,10,800,162,0.8140703517587939,4.962535084695298
200,10,800,163,0.8190954773869347,10.76294737505882
200,10,800,164,0.8241206030150754,6.845086934753182
200,10,800,165,0.8291457286432161,8.826111141998865
200,10,800,166,0.8341708542713568,7.666855427745704
200,10,800,167,0.8391959798994975,7.23828920911481
200,10,800,168,0.8442211055276382,3.945926964451125
200,10,800,169,0.8492462311557789,6.472029196763831
200,10,800,170,0.8542713567839196,5.513062817727119
200,10,800,171,0.8592964824120604,6.135004001271459
200,10,800,172,0.864321608040201,11.08069533888866
200,10,800,173,0.8693467336683417,8.158770034620082
200,10,800,174,0.8743718592964824,10.459509680786574
200,10,800,175,0.8793969849246231,4.8766953034669935
200,10,800,176,0.8844221105527639,7.773640897013961
200,10,800,177,0.8894472361809045,12.218288315211872
200,10,800,178,0.8944723618090452,5.111451452973706
200,10,800,179,0.8994974874371859,9.972498352228564
200,10,800,180,0.9045226130653267,3.8717399764357565
200,10,800,181,0.9095477386934674,6.866880009876222
200,10,800,182,0.914572864321608,7.906673320835292
200,10,800,183,0.9195979899497487,12.278201919312554
200,10,800,184,0.9246231155778895,6.25002092512981
200,10,800,185,0.9296482412060302,7.766981212806579
200,10,800,186,0.9346733668341709,5.494909773610376
200,10,800,187,0.9396984924623115,9.974542960633668
200,10,800,188,0.9447236180904522,9.99640481282327
200,10,800,189,0.949748743718593,7.269254265070998
200,10,800,190,0.9547738693467337,7.624847037507197
200,10,800,191,0.9597989949748744,1.9575046965467737
200,10,800,192,0.964824120603015,11.39586878163107
200,10,800,193,0.9698492462311558,4.041562759239456
200,10,800,194,0.9748743718592965,5.141646854925869
200,10,800,195,0.9798994974874372,12.701868953418941
200,10,800,196,0.9849246231155779,3.7788385100020387
200,10,800,197,0.9899497487437187,7.4245775495128035
200,10,800,198,0.9949748743718593,3.987421622772086
200,10,800,199,1.0,8.796012507935798
